ID,N_VICTIMAS,FECHA,AAAA,MM,DD,HORA,HH,LUGAR_DEL_HECHO,TIPO_DE_CALLE,Calle,COMUNA,PARTICIPANTES,VICTIMA,ACUSADO,semestre,rango_horario
2016-0001,1,2016-01-01,2016,1,1,04:00:00,4,AV PIEDRA BUENA Y AV FERNANDEZ DE LA CRUZ,AVENIDA,PIEDRA BUENA AV.,8,MOTO-AUTO,MOTO,AUTO,,NOCTURNO
2016-0002,1,2016-01-02,2016,1,2,01:15:00,1,AV GRAL PAZ  Y AV DE LOS CORRALES,GRAL PAZ,"PAZ, GRAL. AV.",9,AUTO-PASAJEROS,AUTO,PASAJEROS,2016_S1,NOCTURNO
2016-0003,1,2016-01-03,2016,1,3,07:00:00,7,AV ENTRE RIOS 2034,AVENIDA,ENTRE RIOS AV.,1,MOTO-AUTO,MOTO,AUTO,2016_S1,DIURNO
2016-0005,1,2016-01-21,2016,1,21,05:20:00,5,AV SAN JUAN Y PRESIDENTE LUIS SAENZ PEÑA ,AVENIDA,SAN JUAN AV.,1,MOTO-PASAJEROS,MOTO,PASAJEROS,2016_S1,NOCTURNO
2016-0008,1,2016-01-24,2016,1,24,18:30:00,18,AV 27 DE FEBRERO Y AV ESCALADA,AVENIDA,27 DE FEBRERO AV.,8,MOTO-OBJETO FIJO,MOTO,OBJETO FIJO,2016_S1,DIURNO
2016-0009,1,2016-01-24,2016,1,24,19:10:00,19,NOGOYA Y JOAQUIN V. GONZALES,CALLE,NOGOYA,11,MOTO-AUTO,MOTO,AUTO,2016_S1,NOCTURNO
2016-0010,1,2016-01-29,2016,1,29,15:20:00,15,AV GENERAL PAZ Y AV DE LOS CORRALES,GRAL PAZ,"PAZ, GRAL. AV.",9,MOTO-AUTO,MOTO,AUTO,2016_S1,DIURNO
2016-0012,1,2016-02-08,2016,2,8,01:20:00,1,AV BELGRANO Y BERNARDO DE IRIGOYEN,AVENIDA,BELGRANO AV.,1,MOTO-CARGAS,MOTO,CARGAS,2016_S1,NOCTURNO
2016-0013,1,2016-02-10,2016,2,10,11:30:00,11,AV ENTRE RIOS 1366,AVENIDA,ENTRE RIOS AV.,1,PEATON-AUTO,PEATON,AUTO,2016_S1,DIURNO
2016-0015,1,2016-02-14,2016,2,14,05:14:00,5,AV SCALABRINI ORTIZ Y VERA,AVENIDA,"SCALABRINI ORTIZ, RAUL AV.",15,PEATON-AUTO,PEATON,AUTO,2016_S1,NOCTURNO
2016-0016,1,2016-02-14,2016,2,14,22:00:00,22,AV REGIMIENTO DE PATRICIOS Y QUINQUELA MARTIN BENITO,AVENIDA,REGIMIENTO DE PATRICIOS AV.,4,MOTO-AUTO,MOTO,AUTO,2016_S1,NOCTURNO
2016-0017,1,2016-02-15,2016,2,15,16:54:00,16,MARIANO ACOSTA Y ANA MARIA JANER,AVENIDA,"ACOSTA, MARIANO",8,PEATON-MOTO,PEATON,MOTO,2016_S1,DIURNO
2016-0019,1,2016-02-17,2016,2,17,09:30:00,9,LISANDRO DE LA TORRE Y SEVERO GARCIA GRANDE DE ZEQUEIRA ,CALLE,"DE LA TORRE, LISANDRO",9,PEATON-PASAJEROS,PEATON,PASAJEROS,2016_S1,DIURNO
2016-0020,1,2016-02-17,2016,2,17,16:00:00,16,SUIPACHA 156,CALLE,SUIPACHA,1,PEATON-AUTO,PEATON,AUTO,2016_S1,DIURNO
2016-0021,1,2016-02-17,2016,2,17,23:35:00,23,AV DIRECTORIO Y CURAPALIGUE,AVENIDA,DIRECTORIO AV.,7,AUTO-AUTO,AUTO,AUTO,2016_S1,NOCTURNO
2016-0022,1,2016-02-21,2016,2,21,06:00:00,6,AV 9 DE JULIO Y ADOLFO ALSINA,AVENIDA,9 DE JULIO AV.,1,MOTO-AUTO,MOTO,AUTO,2016_S1,DIURNO
2016-0025,1,2016-02-28,2016,2,28,04:50:00,4,AV GRAL PAZ Y AV 27 DE FEBRERO,GRAL PAZ,"PAZ, GRAL. AV.",8,AUTO-AUTO,AUTO,AUTO,2016_S1,NOCTURNO
2016-0026,1,2016-02-28,2016,2,28,07:30:00,7,HOLMBERG Y VEDIA,CALLE,HOLMBERG,12,AUTO-OBJETO FIJO,AUTO,OBJETO FIJO,2016_S1,DIURNO
2016-0027,1,2016-02-28,2016,2,28,09:35:00,9,CURAPALIGUE Y AVELINO DIAZ,AVENIDA,CURAPALIGUE AV.,7,AUTO-AUTO,AUTO,AUTO,2016_S1,DIURNO
2016-0028,1,2016-03-02,2016,3,2,10:00:00,10,VIAMONTE Y AV 9 DE JULIO,AVENIDA,VIAMONTE,1,PEATON-CARGAS,PEATON,CARGAS,2016_S1,DIURNO
2016-0029,1,2016-03-04,2016,3,4,17:30:00,17,AV CABILDO Y DEHEZA,AVENIDA,CABILDO AV.,12,PEATON-PASAJEROS,PEATON,PASAJEROS,2016_S1,DIURNO
2016-0031,1,2016-03-08,2016,3,8,12:30:00,12,AV GRAL PAZ Y AV CNEL ROCA,GRAL PAZ,"PAZ, GRAL. AV.",8,MOTO-PASAJEROS,MOTO,PASAJEROS,2016_S1,DIURNO
2016-0034,1,2016-03-12,2016,3,12,12:30:00,12,AV AMANCIO ALCORTA Y BONAVENA,AVENIDA,"ALCORTA, AMANCIO AV.",4,PEATON-PASAJEROS,PEATON,PASAJEROS,2016_S1,DIURNO
2016-0035,1,2016-03-13,2016,3,13,06:00:00,6,AV CORRIENTES Y AV CALLAO,AVENIDA,CORRIENTES AV.,3,MOTO-PASAJEROS,MOTO,PASAJEROS,2016_S1,DIURNO
2016-0036,1,2016-03-14,2016,3,14,00:15:00,0,HERRERA Y ARISTOBULO DEL VALLE,CALLE,HERRERA,4,MOTO-PASAJEROS,MOTO,PASAJEROS,2016_S1,NOCTURNO
2016-0037,1,2016-03-19,2016,3,19,11:00:00,11,AV. EVA PERON Y QUIRNO,AVENIDA,LAFUENTE AV.,7,MOTO-MOTO,MOTO,MOTO,2016_S1,DIURNO
2016-0038,1,2016-03-21,2016,3,21,08:06:00,8,AV GRAL PAZ COLECTORA Y ZUVIRIA,GRAL PAZ,"PAZ, GRAL. AV.",8,PEATON-PASAJEROS,PEATON,PASAJEROS,2016_S1,DIURNO
2016-0039,1,2016-03-23,2016,3,23,01:50:00,1,BARTOLOME MITRE Y AV PUEYRREDON,AVENIDA,"MITRE, BARTOLOME",3,MOTO-PASAJEROS,MOTO,PASAJEROS,2016_S1,NOCTURNO
2016-0041,2,2016-03-29,2016,3,29,11:00:00,11,AV DIRECTORIO Y RIVERA INDARTE,AVENIDA,DIRECTORIO AV.,7,MOTO-CARGAS,MOTO,CARGAS,2016_S1,DIURNO
2016-0043,1,2016-03-30,2016,3,30,18:15:00,18,DELLEPIANE LUIS TTE GRAL COLECTORA Y MURGUIONDO,AVENIDA,"DELLEPIANE, LUIS, TTE. GRAL.",8,PEATON-CARGAS,PEATON,CARGAS,2016_S1,DIURNO
2016-0044,1,2016-03-31,2016,3,31,19:40:00,19,AV JOSE MARIA MORENO Y BALBASTRO,AVENIDA,"MORENO, JOSE MARIA AV.",7,MULTIPLE,MOTO,MULTIPLE,2016_S1,NOCTURNO
2016-0047,1,2016-04-15,2016,4,15,05:30:00,5,LIMA 1483,CALLE,LIMA,1,PEATON-PASAJEROS,PEATON,PASAJEROS,2016_S1,NOCTURNO
2016-0048,1,2016-04-15,2016,4,15,17:40:00,17,AV. CORRIENTES Y AV. DORREGO,AVENIDA,CORRIENTES AV.,15,PEATON-PASAJEROS,PEATON,PASAJEROS,2016_S1,DIURNO
2016-0050,1,2016-04-19,2016,4,19,09:50:00,9,TIMOTEO GORDILLO Y AV FERNANDEZ DE LA CRUZ,AVENIDA,"GORDILLO, TIMOTEO",8,PEATON-PASAJEROS,PEATON,PASAJEROS,2016_S1,DIURNO
2016-0051,1,2016-04-20,2016,4,20,04:00:00,4,AV AMANCIO ALCORTA Y BONAVENA,AVENIDA,"ALCORTA, AMANCIO AV.",4,MOTO-CARGAS,MOTO,CARGAS,2016_S1,NOCTURNO
2016-0053,1,2016-04-22,2016,4,22,09:30:00,9,AV TRIUNVIRATO Y AV OLAZABAL,AVENIDA,TRIUNVIRATO AV.,12,PEATON-PASAJEROS,PEATON,PASAJEROS,2016_S1,DIURNO
2016-0054,1,2016-04-23,2016,4,23,21:00:00,21,AU LUIS DELLEPIANE Y AV GRAL PAZ,AUTOPISTA,AUTOPISTA DELLEPIANE LUIS TTE. GRAL.,8,MOTO-MOTO,MOTO,MOTO,2016_S1,NOCTURNO
2016-0055,1,2016-04-25,2016,4,25,20:30:00,20,RAMON CASTILLA Y AV FIGUEROA ALCORTA,AVENIDA,"CASTILLA, RAMON, MARISCAL",14,PEATON-CARGAS,PEATON,CARGAS,2016_S1,NOCTURNO
2016-0056,1,2016-04-26,2016,4,26,04:45:00,4,AV LUIS MARIA CAMPOS 30,AVENIDA,"CAMPOS, LUIS M. AV.",14,MOTO-OBJETO FIJO,MOTO,OBJETO FIJO,2016_S1,NOCTURNO
2016-0058,1,2016-05-04,2016,5,4,14:00:00,14,LIMA 1471,CALLE,LIMA,1,PEATON-MOTO,PEATON,MOTO,2016_S1,DIURNO
2016-0059,1,2016-05-08,2016,5,8,16:30:00,16,PASAJE CIUDADELA Y LIMA OESTE,CALLE,CIUDADELA,1,PEATON-PASAJEROS,PEATON,PASAJEROS,2016_S1,DIURNO
2016-0064,1,2016-05-14,2016,5,14,18:11:00,18,AV JUAN B JUSTO Y AV CARRASCO,AVENIDA,"JUSTO, JUAN B. AV.",10,PEATON-PASAJEROS,PEATON,PASAJEROS,2016_S1,DIURNO
2016-0065,1,2016-05-20,2016,5,20,14:40:00,14,AV GAONA Y ESPINOSA,AVENIDA,GAONA AV.,6,PEATON-AUTO,PEATON,AUTO,2016_S1,DIURNO
2016-0067,1,2016-05-21,2016,5,21,17:00:00,17,AV LISANDRO DE LA TORRE Y SARAZA,AVENIDA,"DE LA TORRE, LISANDRO",8,MOTO-PASAJEROS,MOTO,PASAJEROS,2016_S1,DIURNO
2016-0068,1,2016-05-22,2016,5,22,22:00:00,22,AV FIGUEROA ALCORTA Y AV PUEYRREDON,AVENIDA,"FIGUEROA ALCORTA, PRES. AV.",2,MOTO-PASAJEROS,MOTO,PASAJEROS,2016_S1,NOCTURNO
2016-0069,1,2016-05-23,2016,5,23,03:30:00,3,AV ENTRE RIOS Y PASAJE FILIBERTO,AVENIDA,ENTRE RIOS AV.,3,AUTO-CARGAS,AUTO,CARGAS,2016_S1,NOCTURNO
2016-0073,1,2016-06-11,2016,6,11,15:00:00,15,MAGARIÑOS CERVANTES 3900,CALLE,"MAGARI?OS CERVANTES, A.",10,MOTO-CARGAS,MOTO,CARGAS,2016_S1,DIURNO
2016-0074,1,2016-06-12,2016,6,12,06:40:00,6,AV GRAL PAZ Y RODOLFO SCAPINO,GRAL PAZ,"PAZ, GRAL. AV.",8,AUTO-AUTO,AUTO,AUTO,2016_S1,DIURNO
2016-0075,1,2016-06-12,2016,6,12,23:13:00,23,AUTOPISTA DELLEPIANE LUIS TTE GRAL Y MIRALLA,AUTOPISTA,AUTOPISTA DELLEPIANE LUIS TTE. GRAL.,8,PEATON-AUTO,PEATON,AUTO,2016_S1,NOCTURNO
2016-0076,1,2016-06-13,2016,6,13,16:20:00,16,AV SAN MARTIN Y CAMARONES,AVENIDA,SAN MARTIN AV.,15,PEATON-PASAJEROS,PEATON,PASAJEROS,2016_S1,DIURNO
2016-0077,1,2016-06-13,2016,6,13,21:52:00,21,TTEG JUAN D PERON Y AVDA LEANDRO N ALEM,AVENIDA,"PERON, JUAN DOMINGO, TTE. GENERAL",1,PEATON-PASAJEROS,PEATON,PASAJEROS,2016_S1,NOCTURNO
2016-0078,1,2016-06-13,2016,6,13,23:01:00,23,AV BELGRANO Y AV JUJUY,AVENIDA,BELGRANO AV.,3,MOTO-MOTO,MOTO,MOTO,2016_S1,NOCTURNO
2016-0079,1,2016-06-16,2016,6,16,17:13:00,17,AV DEL LIBERTADOR Y AV GUILLERMO UDAONDO,AVENIDA,DEL LIBERTADOR AV.,13,AUTO-AUTO,AUTO,AUTO,2016_S1,DIURNO
2016-0081,1,2016-06-22,2016,6,22,07:42:00,7,AV CRISOLOGO LARRALDE Y MACHAIN,AVENIDA,"LARRALDE, CRISOLOGO AV.",12,MOTO-AUTO,MOTO,AUTO,2016_S1,DIURNO
2016-0082,1,2016-06-27,2016,6,27,18:24:00,18,AV LA PLATA 2384,AVENIDA,LA PLATA AV.,4,PEATON-AUTO,PEATON,AUTO,2016_S1,DIURNO
2016-0083,1,2016-06-28,2016,6,28,20:46:00,20,AV JUAN B ALBERDI Y PUAN,AVENIDA,"ALBERDI, JUAN BAUTISTA AV.",6,PEATON-MOTO,PEATON,MOTO,2016_S1,NOCTURNO
2016-0084,1,2016-06-29,2016,6,29,22:00:00,22,CARLOS PELLEGRINI Y TUCUMAN,CALLE,"PELLEGRINI, CARLOS",1,PEATON-PASAJEROS,PEATON,PASAJEROS,2016_S1,NOCTURNO
2016-0085,1,2016-06-29,2016,6,29,22:00:00,22,AVDA ITE FRANCISCO RABANAL & AVDA EREZCANO,AVENIDA,"RABANAL, FRANCISCO, INTENDENTE AV.",4,MOTO-MOVIL,MOTO,OTRO,2016_S1,NOCTURNO
2016-0086,1,2016-06-30,2016,6,30,16:10:00,16,AV OLIVERA Y RAMON FALCON,AVENIDA,OLIVERA AV.,10,PEATON-PASAJEROS,PEATON,PASAJEROS,2016_S1,DIURNO
2016-0087,1,2016-07-02,2016,7,3,00:10:00,0,AUTOPISTA 1 SUR PTE ARTURO FRONDIZI Y AV CASEROS,AUTOPISTA,AUTOPISTA 1 SUR PRESIDENTE ARTURO FRONDIZI,1,MOTO-OBJETO FIJO,MOTO,OBJETO FIJO,2016_S2,NOCTURNO
2016-0088,1,2016-07-11,2016,7,11,15:30:00,15,CERETTI Y NUÑEZ,CALLE,CERETTI,12,PEATON-AUTO,PEATON,AUTO,2016_S2,DIURNO
2016-0089,1,2016-07-14,2016,7,14,06:40:00,6,AV LUGONES Y LA PAMPA,AUTOPISTA,"LUGONES, LEOPOLDO AV.",13,PEATON-AUTO,PEATON,AUTO,2016_S2,DIURNO
2016-0090,1,2016-07-14,2016,7,14,22:00:00,22,JERONIMO SALGUERO Y AV RIVADAVIA,AVENIDA,"SALGUERO, JERONIMO",5,PEATON-PASAJEROS,PEATON,PASAJEROS,2016_S2,NOCTURNO
2016-0092,1,2016-07-15,2016,7,15,11:00:00,11,AV GRAL PAZ Y AV LIBERTADOR ,GRAL PAZ,"PAZ, GRAL. AV.",13,MOTO-CARGAS,MOTO,CARGAS,2016_S2,DIURNO
2016-0093,1,2016-07-17,2016,7,17,03:30:00,3,AV JUAN B ALBERDI Y EMILIO MITRE,AVENIDA,"ALBERDI, JUAN BAUTISTA AV.",6,AUTO-AUTO,AUTO,AUTO,2016_S2,NOCTURNO
2016-0095,1,2016-07-23,2016,7,23,06:12:00,6,MERCEDES Y AV GRAL MOSCONI,AVENIDA,MERCEDES,11,MOTO-AUTO,MOTO,AUTO,2016_S2,DIURNO
2016-0096,1,2016-07-25,2016,7,25,07:00:00,7,"AUTOPISTA DELLEPIANE LUIS TTE. GRAL. KM. 2,3",AUTOPISTA,AUTOPISTA DELLEPIANE LUIS TTE. GRAL.,8,MOTO-CARGAS,MOTO,CARGAS,2016_S2,DIURNO
2016-0097,1,2016-07-26,2016,7,26,18:45:00,18,SOLIS Y MEXICO,CALLE,SOLIS,1,PEATON-AUTO,PEATON,AUTO,2016_S2,DIURNO
2016-0098,1,2016-07-27,2016,7,27,16:08:00,16,AV SAN JUAN Y ALBERTI,AVENIDA,SAN JUAN AV.,3,MOTO-CARGAS,MOTO,CARGAS,2016_S2,DIURNO
2016-0099,1,2016-07-29,2016,7,29,16:00:00,16,AV GRAL MOSCONI Y AV GRAL PAZ,GRAL PAZ,MOSCONI GENERAL AV.,11,CARGAS-CARGAS,CARGAS,CARGAS,2016_S2,DIURNO
2016-0100,1,2016-08-03,2016,8,3,23:27:00,23,AV GRAL PAZ  Y DONADO,GRAL PAZ,"PAZ, GRAL. AV.",12,MOTO-OBJETO FIJO,MOTO,OBJETO FIJO,2016_S2,NOCTURNO
2016-0102,1,2016-08-10,2016,8,10,23:37:00,23,AV EVA PERON Y JOSE LEON SUAREZ,AVENIDA,"PERON, EVA AV.",9,MOTO-CARGAS,MOTO,CARGAS,2016_S2,NOCTURNO
2016-0104,1,2016-08-14,2016,8,14,21:15:00,21,ZINNY Y AV SANTIAGO DE COMPOSTELA,AVENIDA,ZINNY,9,MOTO-PASAJEROS,MOTO,PASAJEROS,2016_S2,NOCTURNO
2016-0105,1,2016-08-17,2016,8,17,00:05:00,0,AV FEDERICO LACROZE Y FRAGA,AVENIDA,"LACROZE, FEDERICO AV.",15,PEATON-PASAJEROS,PEATON,PASAJEROS,2016_S2,NOCTURNO
2016-0106,1,2016-08-19,2016,8,19,21:02:00,21,CARLOS PELLEGRINI Y AV DEL LIBERTADOR,AVENIDA,"PELLEGRINI, CARLOS",1,PEATON-PASAJEROS,PEATON,PASAJEROS,2016_S2,NOCTURNO
2016-0107,1,2016-08-20,2016,8,20,08:22:00,8,AUTOPISTA 9 DE JULIO SUR ALT AV MENDOZA,AUTOPISTA,AUTOPISTA 1 SUR PRESIDENTE ARTURO FRONDIZI,4,MOTO-AUTO,MOTO,AUTO,2016_S2,DIURNO
2016-0109,1,2016-08-24,2016,8,24,05:45:00,5,AUTOPISTA PERITO MORENO Y BARRAGAN,AUTOPISTA,AUTOPISTA PERITO MORENO,9,AUTO-OBJETO FIJO,AUTO,OBJETO FIJO,2016_S2,NOCTURNO
2016-0111,1,2016-08-25,2016,8,25,09:30:00,9,AUTOPISTA LEOPOLDO LUGONES Y LA PAMPA,AUTOPISTA,LUGONES,15,MOTO-CARGAS,MOTO,CARGAS,2016_S2,DIURNO
2016-0112,1,2016-08-27,2016,8,27,04:40:00,4,AUTOPISTA 25 DE MAYO AUTOPISTA 1 SUR ARTURO FRONDIZI,AUTOPISTA,AUTOPISTA 25 DE MAYO,1,MOTO-OBJETO FIJO,MOTO,OBJETO FIJO,2016_S2,NOCTURNO
2016-0113,1,2016-08-27,2016,8,27,16:45:00,16,AV JUAN BAUTISTA ALBERDI Y GUARDIA NACIONAL,AVENIDA,"ALBERDI, JUAN BAUTISTA AV.",9,PEATON-PASAJEROS,PEATON,PASAJEROS,2016_S2,DIURNO
2016-0114,1,2016-08-31,2016,8,31,11:20:00,11,SALGUERO 1410,CALLE,"SALGUERO, JERONIMO",14,BICICLETA-CARGAS,BICICLETA,CARGAS,2016_S2,DIURNO
2016-0116,1,2016-09-02,2016,9,2,20:20:00,20,AV 27 DE FEBRERO Y AV ESCALADA,AVENIDA,27 DE FEBRERO AV.,8,MOTO-AUTO,MOTO,AUTO,2016_S2,NOCTURNO
2016-0117,1,2016-09-03,2016,9,3,15:30:00,15,AV DEL LIBERTADOR Y TAGLE,AVENIDA,DEL LIBERTADOR AV.,14,AUTO-AUTO,AUTO,AUTO,2016_S2,DIURNO
2016-0118,1,2016-09-04,2016,9,4,03:30:00,3,AUTOPISTA 1 SUR PTE ARTURO FRONDIZI KM 2.9,AUTOPISTA,AUTOPISTA 1 SUR PRESIDENTE ARTURO FRONDIZI,1,AUTO-AUTO,AUTO,AUTO,2016_S2,NOCTURNO
2016-0122,1,2016-09-13,2016,9,13,07:10:00,7,AV EVA PERON 4233,AVENIDA,"PERON, EVA AV.",9,BICICLETA-PASAJEROS,BICICLETA,PASAJEROS,2016_S2,DIURNO
2016-0123,1,2016-09-14,2016,9,14,09:00:00,9,AV ASAMBLEA Y AV CNEL ESTEBAN BONORINO,AVENIDA,ASAMBLEA AV.,7,MOTO-AUTO,MOTO,AUTO,2016_S2,DIURNO
2016-0124,1,2016-09-16,2016,9,16,15:24:00,15,AVDA RIVADAVIA Y RIVERA INDARTE,AVENIDA,RIVADAVIA AV.,7,PEATON-PASAJEROS,PEATON,PASAJEROS,2016_S2,DIURNO
2016-0125,1,2016-09-17,2016,9,17,12:14:00,12,AUTOPISTA PERITO MORENO Y AV JUAN B ALBERDI,AUTOPISTA,AUTOPISTA PERITO MORENO,10,MOTO-MOTO,MOTO,MOTO,2016_S2,DIURNO
2016-0126,2,2016-09-18,2016,9,18,22:45:00,22,IRIGOYEN Y TINOGASTA,CALLE,IRIGOYEN,10,AUTO-CARGAS,AUTO,CARGAS,2016_S2,NOCTURNO
2016-0127,1,2016-09-24,2016,9,24,10:25:00,10,AV MARIANO ACOSTA Y AV CNEL ROCA,AVENIDA,"ACOSTA, MARIANO",8,PEATON-PASAJEROS,PEATON,PASAJEROS,2016_S2,DIURNO
2016-0128,1,2016-10-02,2016,10,2,11:30:00,11,CASTRO Y AV PAVON,AVENIDA,CASTRO,5,PEATON-PASAJEROS,PEATON,PASAJEROS,2016_S2,DIURNO
2016-0130,1,2016-10-04,2016,10,4,12:30:00,12,AUTOPISTA 9 DE JULIO SUR Y AV BRASIL,AUTOPISTA,AUTOPISTA 1 SUR PRESIDENTE ARTURO FRONDIZI,1,MOTO-CARGAS,MOTO,CARGAS,2016_S2,DIURNO
2016-0131,1,2016-10-09,2016,10,9,19:13:00,19,MIRAVE 3500,CALLE,MIRAVE,4,PEATON-AUTO,PEATON,AUTO,2016_S2,NOCTURNO
2016-0132,1,2016-10-10,2016,10,10,02:30:00,2,AV SAN JUAN Y 24 DE NOVIEMBRE,AVENIDA,SAN JUAN AV.,3,AUTO-PASAJEROS,AUTO,PASAJEROS,2016_S2,NOCTURNO
2016-0133,1,2016-10-14,2016,10,14,00:05:00,0,AV LAS HERAS Y SANCHEZ DE BUSTAMANTE,AVENIDA,LAS HERAS GENERAL AV.,14,MOTO-AUTO,MOTO,AUTO,2016_S2,NOCTURNO
2016-0134,1,2016-10-23,2016,10,23,05:00:00,5,AV PIEDRA BUENA Y 2 DE ABRIL 1982,AVENIDA,PIEDRA BUENA AV.,8,MOTO-OBJETO FIJO,MOTO,OBJETO FIJO,2016_S2,NOCTURNO
2016-0136,1,2016-10-25,2016,10,25,00:00:00,0,AU BUENOS AIRES - LA PLATA KM. 4,AUTOPISTA,AUTOPISTA BUENOS AIRES - LA PLATA,4,MOTO-CARGAS,MOTO,CARGAS,2016_S2,NOCTURNO
2016-0137,1,2016-10-25,2016,10,25,00:39:00,0,AV SAN MARTIN Y LADINES,AVENIDA,SAN MARTIN AV.,11,MOTO-MOTO,MOTO,MOTO,2016_S2,NOCTURNO
2016-0138,1,2016-10-27,2016,10,27,20:30:00,20,AV CABILDO Y BLANCO ENCALADA,AVENIDA,CABILDO AV.,13,BICICLETA-CARGAS,BICICLETA,CARGAS,2016_S2,NOCTURNO
2016-0139,1,2016-10-28,2016,10,28,23:00:00,23,AV PRESIDENTE FIGUEROA ALCORTA Y AV DORREGO,AVENIDA,"FIGUEROA ALCORTA, PRES. AV.",14,MOTO-MOTO,MOTO,MOTO,2016_S2,NOCTURNO
2016-0140,1,2016-10-31,2016,10,31,02:58:00,2,AV JURAMENTO Y VUELTA DE OBLIGADO,AVENIDA,JURAMENTO AV.,13,PASAJEROS-PASAJEROS,PASAJEROS,PASAJEROS,2016_S2,NOCTURNO
2016-0142,1,2016-11-05,2016,11,5,23:30:00,23,AV DEL LIBERTADOR Y AV RAMOS MEJIA,AVENIDA,DEL LIBERTADOR AV.,1,MOTO-PASAJEROS,MOTO,PASAJEROS,2016_S2,NOCTURNO
2016-0144,1,2016-11-07,2016,11,7,12:10:00,12,AV. ALTE. BROWN 984,AVENIDA,"BROWN, ALTE. AV.",4,PEATON-PASAJEROS,PEATON,PASAJEROS,2016_S2,DIURNO
2016-0145,1,2016-11-07,2016,11,7,20:56:00,20,AV DEL LIBERTADOR Y LA PAMPA,AVENIDA,DEL LIBERTADOR AV.,13,MOTO-AUTO,MOTO,AUTO,2016_S2,NOCTURNO
2016-0146,1,2016-11-09,2016,11,9,20:00:00,20,PICHINCHA Y AV BRASIL,AVENIDA,PICHINCHA AV.,4,PEATON-PASAJEROS,PEATON,PASAJEROS,2016_S2,NOCTURNO
2016-0147,1,2016-11-16,2016,11,16,21:15:00,21,AV INDEPENDENCIA Y VIRREY CEVALLOS,AVENIDA,INDEPENDENCIA AV.,1,MOVIL-PASAJEROS,MOVIL,PASAJEROS,2016_S2,NOCTURNO
2016-0148,1,2016-11-16,2016,11,16,22:20:00,22,AV GARMENDIA 4895,AVENIDA,GARMENDIA AV.,15,MOTO-MOTO,MOTO,MOTO,2016_S2,NOCTURNO
2016-0150,1,2016-11-18,2016,11,18,18:20:00,18,AV AMANCIO ALCORTA Y DIOGENES TABORDA,AVENIDA,"ALCORTA, AMANCIO AV.",4,CARGAS-CARGAS,CARGAS,CARGAS,2016_S2,DIURNO
2016-0152,1,2016-11-23,2016,11,23,21:10:00,21,AV PERITO MORENO Y ZUVIRIA,AVENIDA,"MORENO, PERITO AV.",7,MOTO-AUTO,MOTO,AUTO,2016_S2,NOCTURNO
2016-0153,1,2016-11-25,2016,11,25,15:42:00,15,ARAOZ Y AV CORDOBA,AVENIDA,ARAOZ,15,PEATON-MOTO,PEATON,MOTO,2016_S2,DIURNO
2016-0154,1,2016-11-26,2016,11,26,14:14:00,14,AV GRAL PAZ 15200,GRAL PAZ,"PAZ, GRAL. AV.",8,MOTO-MOTO,MOTO,MOTO,2016_S2,DIURNO
2016-0155,1,2016-11-26,2016,11,26,16:50:00,16,MADERO 900,CALLE,MADERO,10,PEATON-AUTO,PEATON,AUTO,2016_S2,DIURNO
2016-0156,1,2016-11-26,2016,11,26,19:40:00,19,AV INDEPENDENCIA Y DEAN FUNES,AVENIDA,INDEPENDENCIA AV.,3,MOTO-PASAJEROS,MOTO,PASAJEROS,2016_S2,NOCTURNO
2016-0157,1,2016-12-03,2016,12,3,06:40:00,6,AV JUAN B JUSTO 5645,AVENIDA,"JUSTO, JUAN B. AV.",11,MOTO-MOTO,MOTO,MOTO,2016_S2,DIURNO
2016-0160,1,2016-12-06,2016,12,6,05:30:00,5,AUTOPISTA PERITO MORENO ALTURA VELZ,AUTOPISTA,AUTOPISTA PERITO MORENO,9,CARGAS-OBJETO FIJO,CARGAS,OBJETO FIJO,2016_S2,NOCTURNO
2016-0161,1,2016-12-06,2016,12,6,07:22:00,7,AV SANTA FE Y GODOY CRUZ,AVENIDA,SANTA FE AV.,14,PEATON-PASAJEROS,PEATON,PASAJEROS,2016_S2,DIURNO
2016-0162,1,2016-12-07,2016,12,7,05:00:00,5,AV FEDERICO LACROZE Y AV FOREST,AVENIDA,"LACROZE, FEDERICO AV.",15,PEATON-AUTO,PEATON,AUTO,2016_S2,NOCTURNO
2016-0163,1,2016-12-10,2016,12,10,07:30:00,7,AV GRAL PAZ Y AV GENERAL MOSCONI,GRAL PAZ,"PAZ, GRAL. AV.",11,MOTO-AUTO,MOTO,AUTO,2016_S2,DIURNO
2016-0164,1,2016-12-11,2016,12,11,06:16:00,6,AV LA PLATA Y CNEL GREGORIO POMAR,AVENIDA,LA PLATA AV.,4,AUTO-AUTO,AUTO,AUTO,2016_S2,DIURNO
2016-0165,1,2016-12-12,2016,12,12,08:25:00,8,AV MARTIN GARCIA 300,AVENIDA,"GARCIA, MARTIN AV.",4,BICICLETA-PASAJEROS,BICICLETA,PASAJEROS,2016_S2,DIURNO
2016-0168,1,2016-12-13,2016,12,13,10:40:00,10,AV LA PLATA Y CNEL GREGORIO POMAR,AVENIDA,LA PLATA AV.,4,MOTO-AUTO,MOTO,AUTO,2016_S2,DIURNO
2016-0169,1,2016-12-15,2016,12,15,15:30:00,15,NUÑEZ Y AV RICARDO BALBIN,AVENIDA,NU?EZ,12,MOTO-PASAJEROS,MOTO,PASAJEROS,2016_S2,DIURNO
2016-0170,1,2016-12-19,2016,12,19,17:10:00,17,AV GRAL PAZ 4500,GRAL PAZ,"PAZ, GRAL. AV.",12,MOTO-AUTO,MOTO,AUTO,2016_S2,DIURNO
2016-0171,1,2016-12-25,2016,12,25,19:00:00,19,AU BUENOS AIRES - LA PLATA Y AU 25 DE MAYO,AUTOPISTA,"HUERGO, ING. AV.",1,MOTO-MOTO,MOTO,MOTO,2016_S2,NOCTURNO
2016-0172,1,2016-12-26,2016,12,26,08:00:00,8,AV GARAY Y CASTRO,AVENIDA,"GARAY, JUAN DE AV.",5,MOTO-CARGAS,MOTO,CARGAS,2016_S2,DIURNO
2016-0173,1,2016-12-26,2016,12,26,19:52:00,19,AV DIRECTORIO Y AV SAN PEDRITO,AVENIDA,DIRECTORIO AV.,7,MOTO-CARGAS,MOTO,CARGAS,2016_S2,NOCTURNO
2016-0175,1,2016-12-27,2016,12,27,08:15:00,8,CNEL RAMON L FALCON Y MEMBRILLAR,CALLE,"FALCON, RAMON L.,CNEL.",7,PEATON-BICICLETA,PEATON,BICICLETA,2016_S2,DIURNO
2016-0176,1,2016-12-28,2016,12,28,01:41:00,1,AV BELGRANO Y AV PASEO COLON,AVENIDA,BELGRANO AV.,1,MOTO-PASAJEROS,MOTO,PASAJEROS,2016_S2,NOCTURNO
2016-0177,1,2016-12-29,2016,12,29,04:00:00,4,ARENALES 3319,CALLE,ARENALES,14,PEATON-AUTO,PEATON,AUTO,2016_S2,NOCTURNO
2016-0178,1,2016-12-30,2016,12,30,16:18:00,16,REPUBLICA BOLIVARIANA DE VENEZUELA Y SAAVEDRA,CALLE,REPUBLICA BOLIVARIANA DE VENEZUELA,3,MULTIPLE,PEATON,MULTIPLE,2016_S2,DIURNO
2017-0001,1,2017-01-02,2017,1,2,01:00:00,1,AV. JUAN B JUSTO Y ACHUPALLAS,AVENIDA,"JUSTO, JUAN B. AV.",11,MOTO-CARGAS,MOTO,CARGAS,2017_S1,NOCTURNO
2017-0003,1,2017-01-05,2017,1,5,03:10:00,3,OLAVARRIA Y AV. VELEZ SARSFIELD,AVENIDA,OLAVARRIA,4,CARGAS-CARGAS,CARGAS,CARGAS,2017_S1,NOCTURNO
2017-0007,1,2017-01-11,2017,1,11,17:00:00,17,LIMA Y MEXICO,CALLE,LIMA,1,MULTIPLE,PEATON,MULTIPLE,2017_S1,DIURNO
2017-0008,1,2017-01-16,2017,1,16,00:40:00,0,JOSE A CABRERA Y BONPLAND,CALLE,"CABRERA, JOSE A.",14,MOTO-PASAJEROS,MOTO,PASAJEROS,2017_S1,NOCTURNO
2017-0009,1,2017-01-16,2017,1,16,13:56:00,13,AU 25 DE MAYO Y AV. BOEDO,AUTOPISTA,AUTOPISTA 25 DE MAYO,5,MOTO-CARGAS,MOTO,CARGAS,2017_S1,DIURNO
2017-0010,1,2017-01-16,2017,1,16,16:30:00,16,AV. DIRECTORIO Y RIGLOS,AVENIDA,DIRECTORIO AV.,6,MOTO-AUTO,MOTO,AUTO,2017_S1,DIURNO
2017-0011,1,2017-01-22,2017,1,22,02:30:00,2,AV. GRAL. PAZ Y AV. R. BALBIN,GRAL PAZ,"PAZ, GRAL. AV.",12,MOTO-OBJETO FIJO,MOTO,OBJETO FIJO,2017_S1,NOCTURNO
2017-0012,1,2017-01-24,2017,1,24,14:00:00,14,TRAFUL Y DIOGENES TABORDA,CALLE,TRAFUL,4,MOTO-CARGAS,MOTO,CARGAS,2017_S1,DIURNO
2017-0013,1,2017-01-27,2017,1,27,07:00:00,7,IRIARTE 3055,AVENIDA,"IRIARTE, GRAL. AV.",4,PEATON-CARGAS,PEATON,CARGAS,2017_S1,DIURNO
2017-0014,1,2017-01-28,2017,1,28,08:27:34,8,AV. DONADO Y ARIAS,AVENIDA,DONADO,12,MULTIPLE,MOTO,MULTIPLE,2017_S1,DIURNO
2017-0015,1,2017-02-02,2017,2,2,15:18:03,15,CORDOBA AV. Y CALLAO,AVENIDA,CORDOBA AV.,2,PEATON-AUTO,PEATON,AUTO,2017_S1,DIURNO
2017-0016,1,2017-02-03,2017,2,3,05:12:21,5,"AU 25 DE MAYO, KILOMETRO 8.3, SENTIDO HACIA PROVINCIA DE BUENOS AIRES, C.A.B.A.",AUTOPISTA,AUTOPISTA 25 DE MAYO,1,MOTO-CARGAS,MOTO,CARGAS,2017_S1,NOCTURNO
2017-0017,1,2017-02-06,2017,2,6,08:00:00,8,AV. JUAN B JUSTO Y PARAGUAY,AVENIDA,"JUSTO, JUAN B. AV.",14,MOTO-AUTO,MOTO,AUTO,2017_S1,DIURNO
2017-0018,1,2017-02-09,2017,2,9,07:00:00,7,AV. GRAL. PAZ Y AV. DE LOS CORRALES,GRAL PAZ,"PAZ, GRAL. AV.",9,MOTO-AUTO,MOTO,AUTO,2017_S1,DIURNO
2017-0021,1,2017-02-18,2017,2,18,05:30:00,5,SARMIENTO Y LIBERTAD,CALLE,SARMIENTO,1,MOTO-PASAJEROS,MOTO,PASAJEROS,2017_S1,NOCTURNO
2017-0024,1,2017-02-23,2017,2,23,20:50:00,20,AV. RIVADAVIA 7121,AVENIDA,RIVADAVIA AV.,7,PEATON-PASAJEROS,PEATON,PASAJEROS,2017_S1,NOCTURNO
2017-0026,2,2017-02-26,2017,2,26,05:15:00,5,AV. PERITO MORENO Y FOURNIER,AVENIDA,"MORENO, PERITO AV.",4,AUTO-OBJETO FIJO,AUTO,OBJETO FIJO,2017_S1,NOCTURNO
2017-0027,1,2017-02-26,2017,2,26,21:57:00,21,AV. CASEROS 1429,AVENIDA,CASEROS AV.,1,PEATON-AUTO,PEATON,AUTO,2017_S1,NOCTURNO
2017-0028,1,2017-02-28,2017,2,28,09:20:00,9,AV. GAONA Y FRAGATA SARMIENTO,AVENIDA,GAONA AV.,6,PEATON-AUTO,PEATON,AUTO,2017_S1,DIURNO
2017-0030,1,2017-03-07,2017,3,7,08:00:00,8,MOZART Y COLECTORA AV. TTE. LUIS J DELLEPIANE,AVENIDA,MOZART,9,AUTO-PASAJEROS,AUTO,PASAJEROS,2017_S1,DIURNO
2017-0031,1,2017-03-11,2017,3,11,01:30:00,1,24 DE NOVIEMBRE Y PAVON ,CALLE,24 DE NOVIEMBRE,3,AUTO-OBJETO FIJO,AUTO,OBJETO FIJO,2017_S1,NOCTURNO
2017-0032,1,2017-03-12,2017,3,12,05:00:00,5,AV. GRAL. PAZ Y PEDRO DE MENDOZA,GRAL PAZ,"PAZ, GRAL. AV.",8,AUTO-AUTO,AUTO,AUTO,2017_S1,NOCTURNO
2017-0033,1,2017-03-12,2017,3,12,07:30:00,7,AV. GRAL. PAZ KM. 10,GRAL PAZ,"PAZ, GRAL. AV.",11,AUTO-AUTO,AUTO,AUTO,2017_S1,DIURNO
2017-0034,1,2017-03-13,2017,3,13,07:50:00,7,GODOY CRUZ 2651,CALLE,GODOY CRUZ,14,PEATON-AUTO,PEATON,AUTO,2017_S1,DIURNO
2017-0035,3,2017-03-23,2017,3,23,05:00:00,5,AV. DR. TRISTAN ACHAVAL RODRIGUEZ Y BLVD. AZUCENA VILLAFLOR,AVENIDA,"ACHAVAL RODRIGUEZ, T., DR. AV.",1,AUTO-OBJETO FIJO,AUTO,OBJETO FIJO,2017_S1,NOCTURNO
2017-0036,2,2017-03-29,2017,3,29,18:00:00,18,CURUPAYTI Y COLECTORA AV. GRAL. PAZ,GRAL PAZ,"PAZ, GRAL. AV.",12,MOTO-PASAJEROS,MOTO,PASAJEROS,2017_S1,DIURNO
2017-0037,1,2017-03-31,2017,3,31,03:00:00,3,AV. INDEPENDENCIA Y VIRREY CEVALLOS,AVENIDA,INDEPENDENCIA AV.,1,MOTO-CARGAS,MOTO,CARGAS,2017_S1,NOCTURNO
2017-0038,1,2017-04-01,2017,4,1,19:00:00,19,AV. CASTAÑARES Y LAUTARO,AVENIDA,CASTA?ARES AV.,7,MOTO-AUTO,MOTO,AUTO,2017_S1,NOCTURNO
2017-0040,1,2017-04-03,2017,4,3,09:40:00,9,CAMINO CIUDAD UNUVERSITARIA Y AV. TTE. GUIRALDES,AVENIDA,"GUIRALDES, INT.",13,MULTIPLE,AUTO,MULTIPLE,2017_S1,DIURNO
2017-0041,1,2017-04-03,2017,4,3,23:15:00,23,BALDOMERO FERNANDEZ MORENO 2186,CALLE,"FERNANDEZ MORENO, BALDOMERO",7,MOTO-AUTO,MOTO,AUTO,2017_S1,NOCTURNO
2017-0042,1,2017-04-10,2017,4,10,09:00:00,9,AV. LEOPOLDO LUGONES PKM 6900,GRAL PAZ,"LUGONES, LEOPOLDO AV.",14,MOTO-CARGAS,MOTO,CARGAS,2017_S1,DIURNO
2017-0045,1,2017-04-14,2017,4,14,06:15:00,6,NOGOYA 5940,CALLE,NOGOYA,10,MOTO-OBJETO FIJO,MOTO,OBJETO FIJO,2017_S1,DIURNO
2017-0047,1,2017-04-23,2017,4,23,06:30:00,6,AV. ARGENTINA Y AV. CORVALAN,AVENIDA,ARGENTINA AV.,8,MOTO-AUTO,MOTO,AUTO,2017_S1,DIURNO
2017-0049,1,2017-04-27,2017,4,27,18:16:00,18,AV. FERNANDEZ DE LA CRUZ Y VARELA,AVENIDA,"FERNANDEZ DE LA CRUZ, F., GRAL. AV.",8,PEATON-PASAJEROS,PEATON,PASAJEROS,2017_S1,DIURNO
2017-0050,2,2017-04-28,2017,4,28,11:08:08,11,AU PERITO MORENO Y RAMAL ENLACE AU1/AU6,AUTOPISTA,AUTOPISTA PERITO MORENO,9,MOTO-CARGAS,MOTO,CARGAS,2017_S1,DIURNO
2017-0051,1,2017-05-01,2017,5,1,03:47:47,3,AU DELLEPIANE 2400,AUTOPISTA,AUTOPISTA DELLEPIANE LUIS TTE. GRAL.,7,AUTO-AUTO,AUTO,AUTO,2017_S1,NOCTURNO
2017-0052,1,2017-05-05,2017,5,5,03:40:00,3,AV. GRAL. PAZ Y GOLETA JULIA,GRAL PAZ,"PAZ, GRAL. AV.",8,PEATON-CARGAS,PEATON,CARGAS,2017_S1,NOCTURNO
2017-0053,1,2017-05-05,2017,5,5,20:16:22,20,VIEYTES Y VILLARINO,CALLE,VIEYTES,4,MOTO-CARGAS,MOTO,CARGAS,2017_S1,NOCTURNO
2017-0054,1,2017-05-07,2017,5,7,21:00:00,21,AV. DE LOS CONSTITUYENTES Y PEDRO MORAN,AVENIDA,DE LOS CONSTITUYENTES AV.,15,MOTO-AUTO,MOTO,AUTO,2017_S1,NOCTURNO
2017-0055,1,2017-05-09,2017,5,9,08:30:00,8,AV. DE LOS CONSTITUYENTES 4900,AVENIDA,DE LOS CONSTITUYENTES AV.,12,AUTO-AUTO,AUTO,AUTO,2017_S1,DIURNO
2017-0058,1,2017-05-09,2017,5,9,23:10:00,23,AV. CORDOBA Y LIBERTAD,AVENIDA,CORDOBA AV.,1,PEATON-MOTO,PEATON,MOTO,2017_S1,NOCTURNO
2017-0059,1,2017-05-11,2017,5,11,09:24:00,9,BRASIL Y LIMA,CALLE,BRASIL,1,PEATON-PASAJEROS,PEATON,PASAJEROS,2017_S1,DIURNO
2017-0060,1,2017-05-13,2017,5,13,07:20:00,7,AV. ESCALADA Y AV. FERNANDEZ DE LA CRUZ,AVENIDA,ESCALADA AV.,8,MOTO-OBJETO FIJO,MOTO,OBJETO FIJO,2017_S1,DIURNO
2017-0061,1,2017-05-15,2017,5,15,13:29:30,13,PARAGUAY Y AV. CALLAO ,AVENIDA,PARAGUAY,2,PEATON-MOTO,PEATON,MOTO,2017_S1,DIURNO
2017-0062,1,2017-05-15,2017,5,15,16:00:00,16,AV. JUAN B JUSTO Y SAN BLAS,AVENIDA,"JUSTO, JUAN B. AV.",10,MOTO-CARGAS,MOTO,CARGAS,2017_S1,DIURNO
2017-0063,1,2017-05-17,2017,5,17,10:13:00,10,CHILE Y AV. 9 DE JULIO,AVENIDA,CHILE,1,PEATON-PASAJEROS,PEATON,PASAJEROS,2017_S1,DIURNO
2017-0064,1,2017-05-20,2017,5,20,05:00:00,5,MAIPU Y PERON,CALLE,MAIPU,1,CARGAS-AUTO,CARGAS,AUTO,2017_S1,NOCTURNO
2017-0065,1,2017-05-22,2017,5,22,16:00:00,16,AV. SUAREZ Y HERRERA,AVENIDA,SUAREZ AV.,4,BICICLETA-CARGAS,BICICLETA,CARGAS,2017_S1,DIURNO
2017-0066,1,2017-05-22,2017,5,22,18:10:00,18,AV. SAN MARTIN Y FRAGATA SARMIENTO,AVENIDA,SAN MARTIN AV.,15,PEATON-PASAJEROS,PEATON,PASAJEROS,2017_S1,DIURNO
2017-0067,1,2017-05-23,2017,5,23,02:45:00,2,AV. DIRECTORIO Y AV. JOSE MARIA MORENO,AVENIDA,DIRECTORIO AV.,6,MOTO-CARGAS,MOTO,CARGAS,2017_S1,NOCTURNO
2017-0068,1,2017-05-27,2017,5,27,19:50:00,19,AV. TTE. FRANCISCO RABANAL 2950,AVENIDA,"RABANAL, FRANCISCO, INTENDENTE AV.",8,MOTO-OBJETO FIJO,MOTO,OBJETO FIJO,2017_S1,NOCTURNO
2017-0070,1,2017-05-30,2017,5,30,13:20:00,13,NUEVA YORK  3696,CALLE,NUEVA YORK,11,PEATON-AUTO,PEATON,AUTO,2017_S1,DIURNO
2017-0072,1,2017-06-03,2017,6,3,23:20:00,23,AV. DE LOS CONSTITUYENTES Y VALLEJOS,AVENIDA,DE LOS CONSTITUYENTES AV.,12,AUTO-AUTO,AUTO,AUTO,2017_S1,NOCTURNO
2017-0073,1,2017-06-04,2017,6,4,09:00:00,9,AV. CORRIENTES Y ECUADOR,AVENIDA,CORRIENTES AV.,3,MOTO-AUTO,MOTO,AUTO,2017_S1,DIURNO
2017-0075,1,2017-06-12,2017,6,12,22:38:00,22,AV. DE MAYO Y AV. 9 DE JULIO,AVENIDA,DE MAYO AV.,1,PEATON-MOTO,PEATON,MOTO,2017_S1,NOCTURNO
2017-0076,1,2017-06-13,2017,6,13,14:50:00,14,AV. RAMON CASTILLO Y CALLE 12,AVENIDA,"CASTILLO, RAMON S., PRES. AV.",2,PEATON-CARGAS,PEATON,CARGAS,2017_S1,DIURNO
2017-0077,1,2017-06-17,2017,6,17,23:45:00,23,FRAY JUSTO SANTAMARIA DE ORO 1930,CALLE,FRAY JUSTO SANTAMARIA DE ORO,14,MOTO-CARGAS,MOTO,CARGAS,2017_S1,NOCTURNO
2017-0079,1,2017-06-19,2017,6,19,16:26:00,16,MEXICO Y DEAN FUNES,CALLE,MEXICO,3,MOTO-CARGAS,MOTO,CARGAS,2017_S1,DIURNO
2017-0080,1,2017-06-22,2017,6,22,10:15:00,10,AV. JUAN B ALBERDI Y AV. ESCALADA,AVENIDA,"ALBERDI, JUAN BAUTISTA AV.",9,PEATON-CARGAS,PEATON,CARGAS,2017_S1,DIURNO
2017-0082,1,2017-06-25,2017,6,25,22:40:00,22,AV. ENTRE RIOS Y AV. BRASIL,AVENIDA,ENTRE RIOS AV.,4,PEATON-AUTO,PEATON,AUTO,2017_S1,NOCTURNO
2017-0083,1,2017-07-04,2017,7,4,00:25:00,0,AV. JUAN B ALBERDI Y GUARDIA NACIONAL,AVENIDA,"ALBERDI, JUAN BAUTISTA AV.",9,MOTO-CARGAS,MOTO,CARGAS,2017_S2,NOCTURNO
2017-0084,1,2017-07-05,2017,7,5,12:49:00,12,AV. DEL LIBERTADOR Y RODRIGUEZ PEÑA,AVENIDA,DEL LIBERTADOR AV.,2,PEATON-PASAJEROS,PEATON,PASAJEROS,2017_S2,DIURNO
2017-0085,1,2017-07-07,2017,7,7,14:15:00,14,TACUARI Y AV. MARTIN GARCIA,AVENIDA,TACUARI,4,PEATON-PASAJEROS,PEATON,PASAJEROS,2017_S2,DIURNO
2017-0086,1,2017-07-09,2017,7,9,07:30:00,7,AV. RIVADAVIA Y MURGUIONDO,AVENIDA,RIVADAVIA AV.,9,PEATON-MOTO,PEATON,MOTO,2017_S2,DIURNO
2017-0087,1,2017-07-10,2017,7,10,10:45:00,10,24 DE NOVIEMBRE 390,CALLE,24 DE NOVIEMBRE,3,PEATON-AUTO,PEATON,AUTO,2017_S2,DIURNO
2017-0088,1,2017-07-10,2017,7,10,22:30:00,22,AV. PASEO COLON Y BRASIL,AVENIDA,PASEO COLON AV.,1,PEATON-PASAJEROS,PEATON,PASAJEROS,2017_S2,NOCTURNO
2017-0090,1,2017-07-15,2017,7,15,05:15:00,5,AV. CHIVILCOY Y COLECTORA AV. GRAL. PAZ ,GRAL PAZ,CHIVILCOY AV.,11,PEATON-AUTO,PEATON,AUTO,2017_S2,NOCTURNO
2017-0092,1,2017-07-24,2017,7,24,22:16:01,22,AU 25 DE MAYO Y AU FRONDIZI (9 DE JULIO SUR),AUTOPISTA,AUTOPISTA 25 DE MAYO,1,PEATON-AUTO,PEATON,AUTO,2017_S2,NOCTURNO
2017-0093,1,2017-07-25,2017,7,25,16:48:40,16,"AV. LEOPOLDO LUGONES KM 7,5, ALTURA PUENTE SCALABRINI ORTIZ, SENTIDO A CENTRO PORTEÑO",AUTOPISTA,"LUGONES, LEOPOLDO AV.",13,PEATON-AUTO,PEATON,AUTO,2017_S2,DIURNO
2017-0094,1,2017-07-27,2017,7,27,08:50:00,8,VICTOR HUGO 2639,CALLE,"HUGO, VICTOR",10,BICICLETA-CARGAS,BICICLETA,CARGAS,2017_S2,DIURNO
2017-0095,1,2017-08-06,2017,8,6,08:00:00,8,AV. CORDOBA Y JERONIMO SALGUERO,AVENIDA,CORDOBA AV.,14,MOTO-AUTO,MOTO,AUTO,2017_S2,DIURNO
2017-0096,1,2017-08-07,2017,8,7,19:50:00,19,AV. CABILDO Y NUÑEZ,AVENIDA,CABILDO AV.,13,PEATON-PASAJEROS,PEATON,PASAJEROS,2017_S2,NOCTURNO
2017-0098,1,2017-08-08,2017,8,8,12:10:00,12,JOSE BONIFACIO 2114,CALLE,"BONIFACIO, JOSE",7,PEATON-AUTO,PEATON,AUTO,2017_S2,DIURNO
2017-0099,1,2017-08-17,2017,8,17,19:45:00,19,AV. PTE FIGUEROA ALCORTA 5400,AVENIDA,"FIGUEROA ALCORTA, PRES. AV.",14,BICICLETA-AUTO,BICICLETA,AUTO,2017_S2,NOCTURNO
2017-0100,1,2017-08-21,2017,8,21,07:45:00,7,VENEZUELA 2135,CALLE,REPUBLICA BOLIVARIANA DE VENEZUELA,3,MOTO-OBJETO FIJO,MOTO,OBJETO FIJO,2017_S2,DIURNO
2017-0101,1,2017-08-23,2017,8,23,10:00:00,10,AV. FCO. LACROZE Y ZAPATA,AVENIDA,"LACROZE, FEDERICO AV.",13,MULTIPLE,PEATON,MULTIPLE,2017_S2,DIURNO
2017-0102,1,2017-08-24,2017,8,24,01:10:00,1,IRIARTE Y ZAVALETA,AVENIDA,"IRIARTE, GRAL. AV.",4,PEATON-CARGAS,PEATON,CARGAS,2017_S2,NOCTURNO
2017-0104,1,2017-08-25,2017,8,25,09:00:00,9,AV. 9 DE JULIO Y ESTADOS UNIDOS,AVENIDA,9 DE JULIO AV.,1,PEATON-CARGAS,PEATON,CARGAS,2017_S2,DIURNO
2017-0106,1,2017-08-31,2017,8,31,19:50:00,19,FRAY JUSTO SANTAMARIA DE ORO Y GUEMES,CALLE,FRAY JUSTO SANTAMARIA DE ORO,14,PEATON-PASAJEROS,PEATON,PASAJEROS,2017_S2,NOCTURNO
2017-0107,1,2017-09-01,2017,9,1,11:30:00,11,AV. DEL LIBERTADOR Y JARAMILLO,AVENIDA,DEL LIBERTADOR AV.,13,MOTO-CARGAS,MOTO,CARGAS,2017_S2,DIURNO
2017-0108,2,2017-09-02,2017,9,2,04:53:08,4,AV. GRAL. PAZ Y MACHAIN,GRAL PAZ,"PAZ, GRAL. AV.",12,AUTO-OBJETO FIJO,OBJETO FIJO,AUTO,2017_S2,NOCTURNO
2017-0109,1,2017-09-04,2017,9,4,21:00:00,21,AV. DIRECTORIO Y PORTELA,AVENIDA,DIRECTORIO AV.,7,MOTO-AUTO,MOTO,AUTO,2017_S2,NOCTURNO
2017-0110,1,2017-09-06,2017,9,6,14:15:00,14,LAVALLE Y AV. LEANDRO N ALEM,AVENIDA,LAVALLE,1,PEATON-PASAJEROS,PEATON,PASAJEROS,2017_S2,DIURNO
2017-0111,1,2017-09-07,2017,9,7,18:23:37,18,USPALLATA Y PIROVANO,CALLE,USPALLATA,4,PEATON-CARGAS,PEATON,CARGAS,2017_S2,DIURNO
2017-0112,2,2017-09-10,2017,9,10,09:32:17,9,AU 25 DE MAYO Y AV. VARELA,AUTOPISTA,AUTOPISTA 25 DE MAYO,7,AUTO-OBJETO FIJO,AUTO,OBJETO FIJO,2017_S2,DIURNO
2017-0113,1,2017-09-11,2017,9,11,06:30:00,6,AV. SANTA FE Y MAIPU,AVENIDA,SANTA FE AV.,1,PEATON-PASAJEROS,PEATON,PASAJEROS,2017_S2,DIURNO
2017-0114,1,2017-09-15,2017,9,15,02:30:00,2,AV. ALVEAR Y AV. DEL LIBERTADOR,AVENIDA,ALVEAR AV.,2,AUTO-OBJETO FIJO,AUTO,OBJETO FIJO,2017_S2,NOCTURNO
2017-0115,1,2017-09-19,2017,9,19,18:52:33,18,AV. PAVON Y TREINTA Y TRES ORIENTALES,AVENIDA,PAVON AV.,5,MOTO-BICICLETA,MOTO,BICICLETA,2017_S2,DIURNO
2017-0116,1,2017-09-20,2017,9,20,22:24:00,22,COLECTORA AV. GRAL. PAZ 5750,GRAL PAZ,"PAZ, GRAL. AV.",12,MOTO-OBJETO FIJO,MOTO,OBJETO FIJO,2017_S2,NOCTURNO
2017-0118,1,2017-09-22,2017,9,22,07:02:09,7,VIEYTES Y CRUZ,AVENIDA,VIEYTES,4,MOTO-AUTO,MOTO,AUTO,2017_S2,DIURNO
2017-0120,1,2017-10-02,2017,10,2,15:55:33,15,AU DELLEPIANE Y AV. ESCALADA,AUTOPISTA,AUTOPISTA DELLEPIANE LUIS TTE. GRAL.,9,MOTO-CARGAS,MOTO,CARGAS,2017_S2,DIURNO
2017-0123,1,2017-10-10,2017,10,10,01:05:38,1,ALBARIÑO Y AV. ARGENTINA,AVENIDA,ALBARI?O,8,PEATON-AUTO,PEATON,AUTO,2017_S2,NOCTURNO
2017-0124,1,2017-10-12,2017,10,12,14:40:28,14,JUAN RAMIREZ DE VELAZCO 1211,CALLE,"RAMIREZ DE VELASCO, JUAN",15,MOTO-PASAJEROS,MOTO,PASAJEROS,2017_S2,DIURNO
2017-0125,1,2017-10-13,2017,10,13,06:12:20,6,AV. FERNANDEZ DE LA CRUZ Y LARRAYA,AVENIDA,"FERNANDEZ DE LA CRUZ, F., GRAL. AV.",8,MOTO-OBJETO FIJO,MOTO,OBJETO FIJO,2017_S2,DIURNO
2017-0126,2,2017-10-14,2017,10,14,06:15:00,6,AV. RIESTRA Y CAÑADA DE GOMEZ,AVENIDA,RIESTRA AV.,8,AUTO-OBJETO FIJO,AUTO,OBJETO FIJO,2017_S2,DIURNO
2017-0127,1,2017-10-16,2017,10,16,07:45:00,7,GALLO Y AV. CORDOBA,AVENIDA,GALLO,2,MOTO-MOTO,MOTO,MOTO,2017_S2,DIURNO
2017-0128,1,2017-10-17,2017,10,17,12:30:00,12,DR. JUAN F. ARANGUREN 611,CALLE,"ARANGUREN, JUAN F., DR.",6,PEATON-PASAJEROS,PEATON,PASAJEROS,2017_S2,DIURNO
2017-0129,1,2017-10-26,2017,10,26,19:15:15,19,AU PERITO MORENO Y AU 25 DE MAYO,AUTOPISTA,AUTOPISTA PERITO MORENO,9,MOTO-PASAJEROS,MOTO,PASAJEROS,2017_S2,NOCTURNO
2017-0130,1,2017-10-27,2017,10,27,05:30:00,5,CHORROARIN Y AV. SAN MARTIN,AVENIDA,CHORROARIN,15,AUTO-CARGAS,AUTO,CARGAS,2017_S2,NOCTURNO
2017-0132,1,2017-10-30,2017,10,30,14:00:00,14,COSQUIN Y AV. CNEL. ROCA,AVENIDA,COSQUIN,8,MOTO-PASAJEROS,MOTO,PASAJEROS,2017_S2,DIURNO
2017-0134,1,2017-11-06,2017,11,6,18:00:00,18,AV. CNEL. ROCA 3555,AVENIDA,"ROCA, CNEL. AV.",8,PEATON-PASAJEROS,PEATON,PASAJEROS,2017_S2,DIURNO
2017-0135,1,2017-11-07,2017,11,7,12:14:10,12,AV. WARNES Y PUNTA ARENAS,AVENIDA,WARNES AV.,15,MOTO-CARGAS,MOTO,CARGAS,2017_S2,DIURNO
2017-0136,1,2017-11-16,2017,11,16,08:43:00,8,DEL BARCO CENTENERA Y RABANAL,AVENIDA,BARCO CENTENERA DEL,4,PEATON-PASAJEROS,PEATON,PASAJEROS,2017_S2,DIURNO
2017-0137,1,2017-11-17,2017,11,17,11:45:00,11,AV. GRAL. ENRIQUE MOSCONI Y SAN NICOLAS,AVENIDA,MOSCONI GENERAL AV.,11,PEATON-CARGAS,PEATON,CARGAS,2017_S2,DIURNO
2017-0138,1,2017-11-19,2017,11,19,10:30:00,10,AV. LAFUENTE Y AV. EVA PERON,AVENIDA,LAFUENTE AV.,7,MOTO-OBJETO FIJO,MOTO,OBJETO FIJO,2017_S2,DIURNO
2017-0139,1,2017-11-19,2017,11,19,22:30:00,22,AV. CNEL. ROCA Y AV. ESCALADA,AVENIDA,"ROCA, CNEL. AV.",8,AUTO-OBJETO FIJO,AUTO,OBJETO FIJO,2017_S2,NOCTURNO
2017-0140,1,2017-11-19,2017,11,19,23:22:17,23,AU ARTURO FRONDIZI PKM 3100,AUTOPISTA,AUTOPISTA 1 SUR PRESIDENTE ARTURO FRONDIZI,4,MOTO-PASAJEROS,MOTO,PASAJEROS,2017_S2,NOCTURNO
2017-0141,1,2017-11-23,2017,11,23,19:45:00,19,AV. LA PLATA Y AV. PEDRO GOYENA,AVENIDA,LA PLATA AV.,6,PEATON-PASAJEROS,PEATON,PASAJEROS,2017_S2,NOCTURNO
2017-0143,1,2017-11-25,2017,11,25,21:45:00,21,TRELLES Y GRAL. CESAR DIAZ,CALLE,"TRELLES, MANUEL R.",11,AUTO-PASAJEROS,AUTO,PASAJEROS,2017_S2,NOCTURNO
2017-0144,1,2017-11-26,2017,11,26,06:45:00,6,AV. CNEL. ROCA Y COLECTORA AV. GRAL. PAZ,GRAL PAZ,"ROCA, CNEL. AV.",8,AUTO-OBJETO FIJO,AUTO,OBJETO FIJO,2017_S2,DIURNO
2017-0145,1,2017-11-26,2017,11,26,17:05:00,17,MAZA Y DON BOSCO,CALLE,MAZA,5,MOTO-AUTO,MOTO,AUTO,2017_S2,DIURNO
2017-0147,1,2017-11-28,2017,11,28,11:15:00,11,AV. GRAL. PAZ Y AV. EVA PERON,GRAL PAZ,"PAZ, GRAL. AV.",9,MOTO-AUTO,MOTO,AUTO,2017_S2,DIURNO
2017-0148,1,2017-11-29,2017,11,29,10:45:00,10,AV. SAN JUAN Y LA RIOJA,AVENIDA,SAN JUAN AV.,3,PEATON-PASAJEROS,PEATON,PASAJEROS,2017_S2,DIURNO
2017-0149,1,2017-11-30,2017,11,30,12:20:00,12,AV. PASEO COLON Y MEXICO,AVENIDA,PASEO COLON AV.,1,PEATON-PASAJEROS,PEATON,PASAJEROS,2017_S2,DIURNO
2017-0150,1,2017-12-04,2017,12,4,01:15:00,1,AV. RIVADAVIA Y MIRALLA,AVENIDA,RIVADAVIA AV.,9,PEATON-AUTO,PEATON,AUTO,2017_S2,NOCTURNO
2017-0151,1,2017-12-04,2017,12,4,02:15:00,2,VIEYTES Y LUJAN,CALLE,VIEYTES,4,PEATON-PASAJEROS,PEATON,PASAJEROS,2017_S2,NOCTURNO
2017-0152,1,2017-12-06,2017,12,6,17:30:00,17,CACHI Y TRAFUL,CALLE,CACHI,4,BICICLETA-PASAJEROS,BICICLETA,PASAJEROS,2017_S2,DIURNO
2017-0153,2,2017-12-11,2017,12,11,02:00:00,2,ROSARIO Y AV. LA PLATA,AVENIDA,ROSARIO,6,MOTO-PASAJEROS,MOTO,PASAJEROS,2017_S2,NOCTURNO
2017-0154,1,2017-12-11,2017,12,11,09:15:00,9,AV. ENTRE RIOS Y AV. CASEROS ,AVENIDA,ENTRE RIOS AV.,4,PEATON-PASAJEROS,PEATON,PASAJEROS,2017_S2,DIURNO
2017-0157,1,2017-12-17,2017,12,17,09:02:00,9,AV. GRAL. PAZ Y HUMAITA,GRAL PAZ,"PAZ, GRAL. AV.",9,AUTO-PASAJEROS,AUTO,PASAJEROS,2017_S2,DIURNO
2017-0158,1,2017-12-18,2017,12,18,21:30:00,21,GUALEGUAYCHU Y COLECTORA AV. GRAL PAZ,GRAL PAZ,GUALEGUAYCHU,11,MOTO-AUTO,MOTO,AUTO,2017_S2,NOCTURNO
2017-0159,1,2017-12-20,2017,12,20,04:31:27,4,AV. INDEPENDENCIA Y VIRREY CEVALLOS,AVENIDA,INDEPENDENCIA AV.,1,MOTO-AUTO,MOTO,AUTO,2017_S2,NOCTURNO
2017-0160,1,2017-12-22,2017,12,22,13:15:00,13,AV. NAZCA 365,AVENIDA,NAZCA AV.,7,PEATON-MOTO,PEATON,MOTO,2017_S2,DIURNO
2017-0161,1,2017-12-26,2017,12,26,15:30:00,15,AV. EVA PERON 5249,AVENIDA,"PERON, EVA AV.",9,PEATON-AUTO,PEATON,AUTO,2017_S2,DIURNO
2018-0001,1,2018-01-01,2018,1,1,22:50:00,22,San Juan Av. Y Rincón,AVENIDA,SAN JUAN AV.,3,PEATON-MOTO,PEATON,MOTO,2017_S2,NOCTURNO
2018-0002,1,2018-01-03,2018,1,3,16:40:00,16,Peru 937,CALLE,PERU,1,BICICLETA-PASAJEROS,BICICLETA,PASAJEROS,2018_S1,DIURNO
2018-0003,1,2018-01-05,2018,1,5,10:12:00,10,"Pueyrredon, Honorio, Dr. Av. y Galicia",AVENIDA,"PUEYRREDON, HONORIO, DR. AV.",15,MULTIPLE,PEATON,MULTIPLE,2018_S1,DIURNO
2018-0004,1,2018-01-09,2018,1,9,09:40:00,9,Del Libertador Av. y Manzanares,AVENIDA,DEL LIBERTADOR AV.,13,MULTIPLE,MOTO,MULTIPLE,2018_S1,DIURNO
2018-0005,1,2018-01-09,2018,1,9,22:30:00,22,Paseo Colon Av. 1019,AVENIDA,PASEO COLON AV.,1,PEATON-PASAJEROS,PEATON,PASAJEROS,2018_S1,NOCTURNO
2018-0006,1,2018-01-10,2018,1,10,21:15:00,21,Valle y Barco Centenera Del,CALLE,VALLE,6,BICICLETA-PASAJEROS,BICICLETA,PASAJEROS,2018_S1,NOCTURNO
2018-0007,1,2018-01-11,2018,1,11,02:30:00,2,AU Perito Moreno  KM 0.6,AUTOPISTA,AUTOPISTA PERITO MORENO,9,AUTO-AUTO,AUTO,AUTO,2018_S1,NOCTURNO
2018-0008,1,2018-01-12,2018,1,12,17:50:00,17,"Huergo, Ing. Av. e Independencia Av.",AVENIDA,"HUERGO, ING. AV.",1,MOTO-CARGAS,MOTO,CARGAS,2018_S1,DIURNO
2018-0009,1,2018-01-14,2018,1,14,02:00:00,2,"Pilcomayo y Brown, Alte. Av.",AVENIDA,PILCOMAYO,4,MOTO-MOTO,MOTO,MOTO,2018_S1,NOCTURNO
2018-0010,1,2018-01-18,2018,1,18,05:10:00,5,"Cervantes y Belaustegui, Luis, Dr.",CALLE,CERVANTES,10,MOTO-CARGAS,MOTO,CARGAS,2018_S1,NOCTURNO
2018-0011,1,2018-01-19,2018,1,19,10:30:00,10,Callao y Vte. Lopez,AVENIDA,CALLAO AV.,2,PEATON-PASAJEROS,PEATON,PASAJEROS,2018_S1,DIURNO
2018-0012,1,2018-01-26,2018,1,26,13:30:00,13,"Oliden y Chilavert, Martiniano, Coronel",CALLE,OLIDEN,8,MOTO-PASAJEROS,MOTO,PASAJEROS,2018_S1,DIURNO
2018-0013,1,2018-01-28,2018,1,28,08:15:00,8,Congreso Av. y Galvan,AVENIDA,CONGRESO AV.,12,MOTO-AUTO,MOTO,AUTO,2018_S1,DIURNO
2018-0014,1,2018-01-31,2018,1,31,20:00:00,20,"Moreno, Perito Av. y Rivera Indarte",AVENIDA,"MORENO, PERITO AV.",7,PEATON-MOTO,PEATON,MOTO,2018_S1,NOCTURNO
2018-0015,2,2018-02-06,2018,2,6,01:00:00,1,Australia Av. 2800,AVENIDA,AUSTRALIA AV.,4,MOTO-PASAJEROS,MOTO,PASAJEROS,2018_S1,NOCTURNO
2018-0016,1,2018-02-15,2018,2,15,10:15:00,10,"Del Libertador Av. y Ramos Mejia, Jose Maria, Dr. Av.",AVENIDA,DEL LIBERTADOR AV.,1,MOTO-CARGAS,MOTO,CARGAS,2018_S1,DIURNO
2018-0017,1,2018-02-17,2018,2,17,04:15:00,4,San Pedrito Av. y Rivadavia Av.,AVENIDA,SAN PEDRITO AV.,7,PEATON-AUTO,PEATON,AUTO,2018_S1,NOCTURNO
2018-0018,1,2018-02-17,2018,2,17,07:15:00,7,"Isabel La Catolica y Salvadores, Cnel.",CALLE,ISABEL LA CATOLICA,4,MOTO-CARGAS,MOTO,CARGAS,2018_S1,DIURNO
2018-0019,1,2018-02-17,2018,2,17,12:30:00,12,Las Heras General Av. y Callao Av.,AVENIDA,LAS HERAS GENERAL AV.,2,PEATON-PASAJEROS,PEATON,PASAJEROS,2018_S1,DIURNO
2018-0020,1,2018-02-19,2018,2,19,22:00:00,22,Fernandez de la Cruz Subida AU Héctor J. Cámpora,AUTOPISTA,AUTOPISTA PRESIDENTE HECTOR J. CAMPORA,8,MOTO-CARGAS,MOTO,CARGAS,2018_S1,NOCTURNO
2018-0021,1,2018-02-22,2018,2,22,10:45:00,10,AMANCIO ALCORTA Y ZAVALETA,AVENIDA,"ALCORTA, AMANCIO AV.",4,PEATON-PASAJEROS,PEATON,PASAJEROS,2018_S1,DIURNO
2018-0022,1,2018-02-24,2018,2,24,00:00:00,0,"Montes De Oca, Manuel y Olavarria",AVENIDA,"MONTES DE OCA, MANUEL AV.",4,MOTO-CARGAS,MOTO,CARGAS,2018_S1,NOCTURNO
2018-0023,1,2018-02-24,2018,2,24,06:00:00,6,Barco Centenera Del y Rosario,CALLE,BARCO CENTENERA DEL,6,MOTO-AUTO,MOTO,AUTO,2018_S1,DIURNO
2018-0024,1,2018-02-28,2018,2,28,23:00:00,23,Alvarez Thomas Av. y Donado,AVENIDA,ALVAREZ THOMAS AV.,15,PEATON-CARGAS,PEATON,CARGAS,2018_S1,NOCTURNO
2018-0025,1,2018-03-04,2018,3,4,22:30:00,22,Av. Avellaneda y Av. Boyacá,AVENIDA,AVELLANEDA AV.,7,PEATON-AUTO,PEATON,AUTO,2018_S1,NOCTURNO
2018-0026,2,2018-03-09,2018,3,9,04:45:00,4,"Rabanal, Francisco, Intendente Av. y Saenz Av.",AVENIDA,"RABANAL, FRANCISCO, INTENDENTE AV.",4,MOVIL-CARGAS,MOVIL,CARGAS,2018_S1,NOCTURNO
2018-0027,1,2018-03-11,2018,3,11,23:00:00,23,Castro y Rondeau,CALLE,CASTRO,5,PEATON-MOTO,PEATON,MOTO,2018_S1,NOCTURNO
2018-0028,1,2018-03-13,2018,3,13,15:45:00,15,"Bilbao, Francisco Av. y Azul",AVENIDA,"BILBAO, FRANCISCO AV.",9,PEATON-CARGAS,PEATON,CARGAS,2018_S1,DIURNO
2018-0029,1,2018-03-15,2018,3,15,18:00:00,18,Nazca Av. y Gaona Av.,AVENIDA,NAZCA AV.,11,MOTO-AUTO,MOTO,AUTO,2018_S1,DIURNO
2018-0030,1,2018-03-20,2018,3,20,01:30:00,1,Plaza y Alvarez Thomas Av.,AVENIDA,PLAZA,15,MOTO-MOTO,MOTO,MOTO,2018_S1,NOCTURNO
2018-0031,1,2018-03-28,2018,3,28,10:15:00,10,"Gaona Av. y Artigas, Jose Gervasio, Gral.",AVENIDA,GAONA AV.,11,MOTO-CARGAS,MOTO,CARGAS,2018_S1,DIURNO
2018-0032,1,2018-04-02,2018,4,2,13:00:00,13,Cabildo Av. y Aguilar,AVENIDA,CABILDO AV.,13,PEATON-PASAJEROS,PEATON,PASAJEROS,2018_S1,DIURNO
2018-0033,1,2018-04-07,2018,4,7,07:30:00,7,Camarones y Lope De Vega Av.,AVENIDA,CAMARONES,10,MOTO-CARGAS,MOTO,CARGAS,2018_S1,DIURNO
2018-0034,1,2018-04-11,2018,4,11,18:15:00,18,Santa Fe Av. 2320,AVENIDA,SANTA FE AV.,2,PEATON-PASAJEROS,PEATON,PASAJEROS,2018_S1,DIURNO
2018-0035,1,2018-04-12,2018,4,12,16:45:00,16,Av. Rivadavia 6950,AVENIDA,RIVADAVIA AV.,7,PEATON-PASAJEROS,PEATON,PASAJEROS,2018_S1,DIURNO
2018-0036,1,2018-04-13,2018,4,13,23:15:00,23,Av. San Martín y Argerich,AVENIDA,SAN MARTIN AV.,15,MOTO-AUTO,MOTO,AUTO,2018_S1,NOCTURNO
2018-0037,1,2018-04-18,2018,4,18,18:45:00,18,"Cordoba Av. y Uriburu Jose E., Pres.",AVENIDA,CORDOBA AV.,2,PEATON-CARGAS,PEATON,CARGAS,2018_S1,DIURNO
2018-0038,2,2018-04-20,2018,4,20,17:10:00,17,AV. RIVADAVIA 1571,AVENIDA,RIVADAVIA AV.,1,PEATON-AUTO,PEATON,AUTO,2018_S1,DIURNO
2018-0039,1,2018-04-21,2018,4,21,22:15:00,22,AUTOPISTA LUGONES KM 4.7,AUTOPISTA,"LUGONES, LEOPOLDO AV.",14,PEATON-AUTO,PEATON,AUTO,2018_S1,NOCTURNO
2018-0040,1,2018-04-27,2018,4,27,11:00:00,11,Ramon Freire y Virrey Olaguer y Feliu,CALLE,"FREIRE, RAMON, CAP. GRAL.",13,PEATON-CARGAS,PEATON,CARGAS,2018_S1,DIURNO
2018-0041,1,2018-04-27,2018,4,27,13:30:00,13,"La Plata Av. y Fernandez De La Cruz, F., Gral. Av.",AVENIDA,LA PLATA AV.,4,PEATON-PASAJEROS,PEATON,PASAJEROS,2018_S1,DIURNO
2018-0042,1,2018-04-27,2018,4,27,18:43:00,18,BRANDSEN y PERDRIEL,CALLE,BRANDSEN,4,MOTO-CARGAS,MOTO,CARGAS,2018_S1,DIURNO
2018-0043,1,2018-04-28,2018,4,28,06:30:00,6,"Vilardebo, Teodoro y Alvarez Jonte Av.",AVENIDA,"VILARDEBO, TEODORO",11,MOTO-AUTO,MOTO,AUTO,2018_S1,DIURNO
2018-0044,1,2018-04-28,2018,4,28,09:00:00,9,Alberti e Independencia Av.,AVENIDA,ALBERTI,3,PEATON-AUTO,PEATON,AUTO,2018_S1,DIURNO
2018-0045,1,2018-04-30,2018,4,30,07:00:00,7,Alvarez Thomas Av. 879,AVENIDA,ALVAREZ THOMAS AV.,13,AUTO-CARGAS,AUTO,CARGAS,2018_S1,DIURNO
2018-0046,1,2018-05-02,2018,5,2,03:15:00,3,Av. Gral. Paz y Av. Rivadavia,GRAL PAZ,"PAZ, GRAL. AV.",9,PEATON-AUTO,PEATON,AUTO,2018_S1,NOCTURNO
2018-0047,1,2018-05-08,2018,5,8,19:00:00,19,Av. Corrientes y Av. Dorrego,AVENIDA,CORRIENTES AV.,15,PEATON-PASAJEROS,PEATON,PASAJEROS,2018_S1,NOCTURNO
2018-0048,1,2018-05-09,2018,5,9,10:30:00,10,Rivadavia Av. y Pedernera,AVENIDA,RIVADAVIA AV.,7,PEATON-PASAJEROS,PEATON,PASAJEROS,2018_S1,DIURNO
2018-0049,1,2018-05-11,2018,5,11,19:15:00,19,Quesada 2300,CALLE,QUESADA,13,PEATON-AUTO,PEATON,AUTO,2018_S1,NOCTURNO
2018-0050,1,2018-05-14,2018,5,14,18:45:00,18,Cabildo Av. y Juramento Av.,AVENIDA,CABILDO AV.,13,PEATON-PASAJEROS,PEATON,PASAJEROS,2018_S1,DIURNO
2018-0051,1,2018-05-15,2018,5,15,21:15:00,21,"California y Carbonari, Francisco, Cmte.",CALLE,CALIFORNIA,4,PEATON-AUTO,PEATON,AUTO,2018_S1,NOCTURNO
2018-0052,1,2018-05-18,2018,5,18,20:30:00,20,"Carril, Salvador Maria Del Av. y Nazca",AVENIDA,"CARRIL, SALVADOR MARIA DEL AV.",15,PEATON-PASAJEROS,PEATON,PASAJEROS,2018_S1,NOCTURNO
2018-0053,1,2018-05-20,2018,5,20,02:30:00,2,San Luis y Aguero,CALLE,SAN LUIS,3,MOTO-AUTO,MOTO,AUTO,2018_S1,NOCTURNO
2018-0054,1,2018-05-22,2018,5,22,11:15:00,11,Lugones 2430,CALLE,LUGONES,12,PEATON-BICICLETA,PEATON,BICICLETA,2018_S1,DIURNO
2018-0055,1,2018-05-29,2018,5,29,07:30:00,7,Independencia Av. y Jujuy Av.,AVENIDA,INDEPENDENCIA AV.,3,MOTO-AUTO,MOTO,AUTO,2018_S1,DIURNO
2018-0056,1,2018-06-02,2018,6,2,13:00:00,13,Av. Rivadavia 11050,AVENIDA,RIVADAVIA AV.,9,PEATON-PASAJEROS,PEATON,PASAJEROS,2018_S1,DIURNO
2018-0057,1,2018-06-03,2018,6,3,03:30:00,3,Combate De Los Pozos y Humberto 1°,CALLE,COMBATE DE LOS POZOS,3,MOTO-PASAJEROS,MOTO,PASAJEROS,2018_S1,NOCTURNO
2018-0058,1,2018-06-03,2018,6,3,06:30:00,6,Cordoba Av. y Thames,AVENIDA,CORDOBA AV.,15,MOTO-AUTO,MOTO,AUTO,2018_S1,DIURNO
2018-0059,1,2018-06-08,2018,6,8,06:20:00,6,"Garay, Juan De Av. y Sanchez De Loria",AVENIDA,"GARAY, JUAN DE AV.",5,MOTO-MOVIL,MOTO,OTRO,2018_S1,DIURNO
2018-0060,1,2018-06-08,2018,6,8,12:50:00,12,"Lavalle y Alem, Leandro N. Av.",AVENIDA,LAVALLE,1,PEATON-PASAJEROS,PEATON,PASAJEROS,2018_S1,DIURNO
2018-0061,1,2018-06-10,2018,6,10,11:15:00,11,Estados Unidos y Pichincha,CALLE,ESTADOS UNIDOS,3,MOTO-MOTO,MOTO,MOTO,2018_S1,DIURNO
2018-0062,1,2018-06-14,2018,6,14,01:00:00,1,Rosario y Barco Centenera Del,CALLE,ROSARIO,6,PEATON-CARGAS,PEATON,CARGAS,2018_S1,NOCTURNO
2018-0063,1,2018-06-16,2018,6,16,21:15:00,21,Av. Leandro N. Alem y Viamonte,AVENIDA,"ALEM, LEANDRO N. AV.",1,PEATON-PASAJEROS,PEATON,PASAJEROS,2018_S1,NOCTURNO
2018-0064,1,2018-06-25,2018,6,25,01:15:00,1,Varela Av. y Primera Junta,AVENIDA,VARELA AV.,7,AUTO-CARGAS,AUTO,CARGAS,2018_S1,NOCTURNO
2018-0065,1,2018-06-26,2018,6,26,17:30:00,17,"Pellegrini, Carlos y Juncal",CALLE,"PELLEGRINI, CARLOS",1,MOTO-CARGAS,MOTO,CARGAS,2018_S1,DIURNO
2018-0066,1,2018-06-28,2018,6,28,11:00:00,11,Av. Corrientes y Av. Federico Lacroze,AVENIDA,CORRIENTES AV.,15,PEATON-PASAJEROS,PEATON,PASAJEROS,2018_S1,DIURNO
2018-0067,1,2018-06-29,2018,6,29,16:15:00,16,"Montes De Oca, Manuel y Finochietto Enrique Dr.",AVENIDA,"MONTES DE OCA, MANUEL AV.",4,PASAJEROS-AUTO,PASAJEROS,AUTO,2018_S1,DIURNO
2018-0068,1,2018-07-01,2018,7,1,09:00:00,9,"Carabobo Av. y Alberdi, Juan Bautista Av.",AVENIDA,CARABOBO AV.,7,MOTO-AUTO,MOTO,AUTO,2018_S1,DIURNO
2018-0069,1,2018-07-04,2018,7,4,21:45:00,21,"Córdoba Av. 2215

",AVENIDA,CORDOBA AV.,2,BICICLETA-PASAJEROS,BICICLETA,PASAJEROS,2018_S2,NOCTURNO
2018-0070,1,2018-07-07,2018,7,7,15:45:00,15,"Estados Unidos y Urquiza, Gral.",CALLE,ESTADOS UNIDOS,3,MOTO-PASAJEROS,MOTO,PASAJEROS,2018_S2,DIURNO
2018-0071,1,2018-07-10,2018,7,10,17:50:00,17,Moreno y Av. Huergo,AVENIDA,MORENO,1,MOTO-CARGAS,MOTO,CARGAS,2018_S2,DIURNO
2018-0072,1,2018-07-11,2018,7,11,13:15:00,13,"AU Dellepiane kilometro 0.0, altura calle Montiel, sentido hacia el Centro Porteño",AUTOPISTA,AUTOPISTA DELLEPIANE LUIS TTE. GRAL.,8,MOTO-CARGAS,MOTO,CARGAS,2018_S2,DIURNO
2018-0073,1,2018-07-11,2018,7,11,15:45:00,15,"Iriarte, Gral. Av. 3400",AVENIDA,"IRIARTE, GRAL. AV.",4,PEATON-CARGAS,PEATON,CARGAS,2018_S2,DIURNO
2018-0074,1,2018-07-14,2018,7,14,06:04:00,6,AV. JUAN B. ALBERDI 2968,AVENIDA,"ALBERDI, JUAN BAUTISTA AV.",7,AUTO-CARGAS,AUTO,CARGAS,2018_S2,DIURNO
2018-0075,1,2018-07-15,2018,7,15,07:30:00,7,Del Libertador Av. y Ortiz De Ocampo,AVENIDA,DEL LIBERTADOR AV.,14,PEATON-AUTO,PEATON,AUTO,2018_S2,DIURNO
2018-0076,1,2018-07-16,2018,7,16,09:30:00,9,"Chavez, Jorge y Paz, Gral. Av.",CALLE,"CHAVEZ, JORGE",9,AUTO-CARGAS,AUTO,CARGAS,2018_S2,DIURNO
2018-0077,1,2018-07-16,2018,7,16,23:15:00,23,"Urquiza, Gral. y Estados Unidos",CALLE,"URQUIZA, GRAL.",3,AUTO-CARGAS,AUTO,CARGAS,2018_S2,NOCTURNO
2018-0078,1,2018-07-21,2018,7,21,06:15:00,6,Paraguay y Sánchez De Bustamante,CALLE,PARAGUAY,2,PEATON-AUTO,PEATON,AUTO,2018_S2,DIURNO
2018-0079,1,2018-07-23,2018,7,23,07:15:00,7,"De Los Corrales Av. y Paz, Gral. Av.",GRAL PAZ,DE LOS CORRALES AV.,9,PEATON-CARGAS,PEATON,CARGAS,2018_S2,DIURNO
2018-0080,1,2018-07-25,2018,7,25,22:22:00,22,"Alberdi, Juan Bautista Av. y Carhue",AVENIDA,"ALBERDI, JUAN BAUTISTA AV.",9,PEATON-AUTO,PEATON,AUTO,2018_S2,NOCTURNO
2018-0081,1,2018-07-29,2018,7,29,06:30:00,6,Castañares Av. y Rivera Indarte Av.,AVENIDA,CASTANARES AV.,7,MULTIPLE,PEATON,MULTIPLE,2018_S2,DIURNO
2018-0082,1,2018-08-01,2018,8,1,15:53:00,15,"Larrazabal y Garzon, Eugenio, Gral. Av.",AVENIDA,LARRAZABAL,9,MOTO-CARGAS,MOTO,CARGAS,2018_S2,DIURNO
2018-0083,1,2018-08-02,2018,8,2,05:20:00,5,"Paz, Gral. Av. y Fernandez De La Cruz, F., Gral. Av.",GRAL PAZ,"PAZ, GRAL. AV.",8,MOTO-CARGAS,MOTO,CARGAS,2018_S2,NOCTURNO
2018-0084,1,2018-08-03,2018,8,3,07:25:00,7,Av. Alicia Moreau de Justo y Cochabamba,AVENIDA,"MOREAU DE JUSTO, ALICIA AV.",1,PEATON-CARGAS,PEATON,CARGAS,2018_S2,DIURNO
2018-0085,2,2018-08-03,2018,8,3,18:16:00,18,"Entre Rios Av. y Garay, Juan De Av.",AVENIDA,ENTRE RIOS AV.,3,MOTO-PASAJEROS,MOTO,PASAJEROS,2018_S2,DIURNO
2018-0086,1,2018-08-10,2018,8,10,21:44:00,21,Directorio Av. y Guardia Nacional,AVENIDA,DIRECTORIO AV.,9,PEATON-PASAJEROS,PEATON,PASAJEROS,2018_S2,NOCTURNO
2018-0087,1,2018-08-15,2018,8,15,19:20:00,19,Pavon Av. Y Colombres,AVENIDA,PAVON AV.,5,PEATON-PASAJEROS,PEATON,PASAJEROS,2018_S2,NOCTURNO
2018-0088,1,2018-08-17,2018,8,17,16:36:00,16,Av. Gral. Paz y Av. Dr. Ricardo Balbín,GRAL PAZ,"PAZ, GRAL. AV.",12,MOTO-CARGAS,MOTO,CARGAS,2018_S2,DIURNO
2018-0089,1,2018-08-17,2018,8,17,17:56:00,17,Pichincha Av. y Brasil,AVENIDA,PICHINCHA AV.,4,PEATON-PASAJEROS,PEATON,PASAJEROS,2018_S2,DIURNO
2018-0090,1,2018-08-18,2018,8,18,10:34:00,10,27 De Febrero Av. y Pergamino,AVENIDA,27 DE FEBRERO AV.,8,MOTO-AUTO,MOTO,AUTO,2018_S2,DIURNO
2018-0091,1,2018-08-19,2018,8,19,18:47:00,18,AU Perito Moreno KM 1.8 ALTURA BARRAGAN SENTIDO PBA,AUTOPISTA,AUTOPISTA PERITO MORENO,9,AUTO-AUTO,AUTO,AUTO,2018_S2,DIURNO
2018-0092,1,2018-08-20,2018,8,20,08:20:00,8,Cordoba Av. y Gascon,AVENIDA,CORDOBA AV.,14,MOTO-AUTO,MOTO,AUTO,2018_S2,DIURNO
2018-0093,1,2018-08-20,2018,8,20,08:41:00,8,15 De Noviembre De 1889 1513,CALLE,15 DE NOVIEMBRE DE 1889,1,PEATON-PASAJEROS,PEATON,PASAJEROS,2018_S2,DIURNO
2018-0094,1,2018-08-23,2018,8,23,05:35:00,5,"Salguero, Jeronimo y Beruti",CALLE,"SALGUERO, JERONIMO",14,MOTO-PASAJEROS,MOTO,PASAJEROS,2018_S2,NOCTURNO
2018-0095,1,2018-08-26,2018,8,26,00:59:00,0,"Lacarra Av. y Dellepiane, Luis, Tte. Gral.",AVENIDA,LACARRA AV.,9,AUTO-AUTO,AUTO,AUTO,2018_S2,NOCTURNO
2018-0096,1,2018-08-31,2018,8,31,22:20:00,22,"AU Héctor J. Cámpora y Roca, Cnel. Av.",AUTOPISTA,AUTOPISTA PRESIDENTE H?CTOR J. C?MPORA,8,PEATON-AUTO,PEATON,AUTO,2018_S2,NOCTURNO
2018-0097,1,2018-09-02,2018,9,2,10:50:00,10,Av. Varela y Av. Int. Francisco Rabanal,AVENIDA,VARELA AV.,8,AUTO-MOVIL,AUTO,OTRO,2018_S2,DIURNO
2018-0098,2,2018-09-09,2018,9,9,05:00:00,5,Av. Gral. Paz e/ Ferre y Beron de Astrada,GRAL PAZ,"PAZ, GRAL. AV.",8,AUTO-AUTO,AUTO,AUTO,2018_S2,NOCTURNO
2018-0099,1,2018-09-12,2018,9,12,14:25:00,14,Rivadavia Av. y Pedernera,AVENIDA,RIVADAVIA AV.,7,PEATON-PASAJEROS,PEATON,PASAJEROS,2018_S2,DIURNO
2018-0100,1,2018-09-20,2018,9,20,10:30:00,10,Elvira Rawson de Dellepiane 150,AVENIDA,"RAWSON DE DELLEPIANE, ELVIRA AV.",1,MOTO-AUTO,MOTO,AUTO,2018_S2,DIURNO
2018-0101,1,2018-09-21,2018,9,21,00:15:00,0,"Paz, Gral. Av. y Zapiola",GRAL PAZ,"PAZ, GRAL. AV.",12,MULTIPLE,AUTO,MULTIPLE,2018_S2,NOCTURNO
2018-0102,1,2018-09-21,2018,9,21,00:30:00,0,FAMATINA Y DIOGENES TABORDA,CALLE,FAMATINA,4,MOTO-AUTO,MOTO,AUTO,2018_S2,NOCTURNO
2018-0103,1,2018-09-27,2018,9,27,17:51:00,17,Av. Castañares y Bonorino,AVENIDA,CASTA?ARES AV.,7,PEATON-MOTO,PEATON,MOTO,2018_S2,DIURNO
2018-0104,1,2018-10-01,2018,10,1,08:58:00,8,AU Frondizi 9 de Julio Sur y Av. Suarez,AUTOPISTA,AUTOPISTA 1 SUR PRESIDENTE ARTURO FRONDIZI,4,MOTO-MOTO,MOTO,MOTO,2018_S2,DIURNO
2018-0105,1,2018-10-03,2018,10,3,18:12:00,18,Nazca Av. y Rivadavia Av.,AVENIDA,NAZCA AV.,7,PEATON-PASAJEROS,PEATON,PASAJEROS,2018_S2,DIURNO
2018-0106,1,2018-10-04,2018,10,4,22:02:00,22,"Figueroa Alcorta, Pres. Av. y Echeverria",AVENIDA,"FIGUEROA ALCORTA, PRES. AV.",13,MOTO-MOTO,MOTO,MOTO,2018_S2,NOCTURNO
2018-0107,1,2018-10-06,2018,10,6,14:20:00,14,Rivadavia Av. y Jujuy Av.,AVENIDA,RIVADAVIA AV.,3,PEATON-PASAJEROS,PEATON,PASAJEROS,2018_S2,DIURNO
2018-0108,1,2018-10-09,2018,10,9,14:00:00,14,"De Los Italianos Av. y Guemes, Macacha",AVENIDA,DE LOS ITALIANOS AV.,1,MOTO-AUTO,MOTO,AUTO,2018_S2,DIURNO
2018-0109,1,2018-10-10,2018,10,10,22:12:00,22,"Tucuman y Alem, Leandro N. Av.",AVENIDA,TUCUMAN,1,PEATON-PASAJEROS,PEATON,PASAJEROS,2018_S2,NOCTURNO
2018-0110,1,2018-10-13,2018,10,13,03:05:00,3,"Corrientes Av. y Gallardo, Angel Av.",AVENIDA,CORRIENTES AV.,15,PEATON-MOTO,PEATON,MOTO,2018_S2,NOCTURNO
2018-0111,1,2018-10-19,2018,10,19,12:13:00,12,AU Perito Moreno y Av. Eva Perón SENTIDO CENTRO,AUTOPISTA,AUTOPISTA PERITO MORENO,9,MOTO-CARGAS,MOTO,CARGAS,2018_S2,DIURNO
2018-0112,1,2018-10-24,2018,10,24,09:18:00,9,Muñecas y Serrano,CALLE,MU?ECAS,15,MOTO-CARGAS,MOTO,CARGAS,2018_S2,DIURNO
2018-0113,1,2018-10-25,2018,10,25,11:00:00,11,"Artigas, Jose Gervasio, Gral. y Tres Arroyos",CALLE,"ARTIGAS, JOSE GERVASIO, GRAL.",11,MOTO-CARGAS,MOTO,CARGAS,2018_S2,DIURNO
2018-0114,1,2018-10-30,2018,10,30,02:15:00,2,Solis e Independencia Av.,AVENIDA,SOLIS,1,MOTO-AUTO,MOTO,AUTO,2018_S2,NOCTURNO
2018-0115,1,2018-10-31,2018,10,31,12:30:00,12,"Bosch, Ventura y Paz, Gral. Av.",CALLE,"BOSCH, VENTURA",9,PEATON-PASAJEROS,PEATON,PASAJEROS,2018_S2,DIURNO
2018-0116,1,2018-11-01,2018,11,1,10:50:00,10,"Paz, Gral. Av. 14800",GRAL PAZ,"PAZ, GRAL. AV.",8,PEATON-CARGAS,PEATON,CARGAS,2018_S2,DIURNO
2018-0117,1,2018-11-04,2018,11,4,08:15:00,8,Av. Eva Perón 5321,AVENIDA,"PERON, EVA AV.",9,MOTO-MOTO,MOTO,MOTO,2018_S2,DIURNO
2018-0118,1,2018-11-05,2018,11,5,14:49:00,14,"Peron, Juan Domingo, Tte. General y Pueyrredon Av.",AVENIDA,"PERON, JUAN DOMINGO, TTE. GENERAL",3,PEATON-MOTO,PEATON,MOTO,2018_S2,DIURNO
2018-0120,1,2018-11-09,2018,11,9,13:34:00,13,Monroe y Alvarez Thomas Av.,AVENIDA,MONROE,12,PEATON-AUTO,PEATON,AUTO,2018_S2,DIURNO
2018-0121,1,2018-11-09,2018,11,9,16:32:00,16,Rivadavia Av. y Manzoni,AVENIDA,RIVADAVIA AV.,10,PEATON-PASAJEROS,PEATON,PASAJEROS,2018_S2,DIURNO
2018-0122,1,2018-11-12,2018,11,12,01:00:00,1,AU Dellepiane Luis Tte. Gral. y Larrazabal,AUTOPISTA,AUTOPISTA DELLEPIANE LUIS TTE. GRAL.,8,AUTO-AUTO,AUTO,AUTO,2018_S2,NOCTURNO
2018-0124,1,2018-11-15,2018,11,15,19:40:00,19,AU Perito Moreno y Reservistas Argentinos,AUTOPISTA,AUTOPISTA PERITO MORENO,9,CARGAS-CARGAS,CARGAS,CARGAS,2018_S2,NOCTURNO
2018-0125,1,2018-11-16,2018,11,16,21:12:00,21,Saenz Av. y Ventana,AVENIDA,SAENZ AV.,4,PEATON-PASAJEROS,PEATON,PASAJEROS,2018_S2,NOCTURNO
2018-0126,1,2018-11-18,2018,11,18,12:11:00,12,Avda. General Paz y Cnel. Ramón Falcón,GRAL PAZ,"PAZ, GRAL. AV.",9,MOTO-AUTO,MOTO,AUTO,2018_S2,DIURNO
2018-0127,1,2018-11-19,2018,11,19,09:14:00,9,Av. Gral. Paz y Av. de los Constituyentes,GRAL PAZ,"PAZ, GRAL. AV.",12,MOTO-MOTO,MOTO,MOTO,2018_S2,DIURNO
2018-0128,2,2018-11-25,2018,11,25,04:30:00,4,"Paz, Gral. Av. 11200",GRAL PAZ,"PAZ, GRAL. AV.",9,AUTO-PASAJEROS,AUTO,PASAJEROS,2018_S2,NOCTURNO
2018-0129,1,2018-11-28,2018,11,28,04:01:00,4,"Newbery, Jorge Av. y Guevara",AVENIDA,"NEWBERY, JORGE AV.",15,MOTO-PASAJEROS,MOTO,PASAJEROS,2018_S2,NOCTURNO
2018-0130,1,2018-12-03,2018,12,3,03:00:00,3,Gaona Av. y Segurola Av.,AVENIDA,GAONA AV.,10,MOTO-PASAJEROS,MOTO,PASAJEROS,2018_S2,NOCTURNO
2018-0131,1,2018-12-07,2018,12,7,19:10:00,19,"Madero, Eduardo Av. 550",AVENIDA,"MADERO, EDUARDO AV.",1,MOTO-CARGAS,MOTO,CARGAS,2018_S2,NOCTURNO
2018-0132,1,2018-12-12,2018,12,12,08:26:00,8,"AU Arturo Illia y Castillo, Ramon S.",AUTOPISTA,AUTOPISTA ARTURO ILLIA,2,PEATON-CARGAS,PEATON,CARGAS,2018_S2,DIURNO
2018-0133,1,2018-12-12,2018,12,12,14:07:00,14,Nazca Av. y Rivadavia Av.,AVENIDA,NAZCA AV.,7,PEATON-CARGAS,PEATON,CARGAS,2018_S2,DIURNO
2018-0134,1,2018-12-12,2018,12,12,21:00:00,21,La Plata Av. y Caseros Av.,AVENIDA,LA PLATA AV.,7,PEATON-MOTO,PEATON,MOTO,2018_S2,NOCTURNO
2018-0135,1,2018-12-18,2018,12,18,14:40:00,14,Belgrano Av. y Peru,AVENIDA,BELGRANO AV.,1,PEATON-PASAJEROS,PEATON,PASAJEROS,2018_S2,DIURNO
2018-0136,1,2018-12-18,2018,12,18,15:42:00,15,Rivadavia Av. 7013,AVENIDA,RIVADAVIA AV.,7,PEATON-PASAJEROS,PEATON,PASAJEROS,2018_S2,DIURNO
2018-0137,1,2018-12-18,2018,12,18,20:15:00,20,Adolfo Alsina y Santiago del Estero,CALLE,"ALSINA, ADOLFO",1,MOTO-PASAJEROS,MOTO,PASAJEROS,2018_S2,NOCTURNO
2018-0138,1,2018-12-21,2018,12,21,09:30:00,9,Bermudez 1893,CALLE,BERMUDEZ,10,PASAJEROS-PASAJEROS,PASAJEROS,PASAJEROS,2018_S2,DIURNO
2018-0139,1,2018-12-22,2018,12,22,06:30:00,6,Santander 1974,CALLE,SANTANDER,7,MOTO-MOTO,MOTO,MOTO,2018_S2,DIURNO
2018-0140,1,2018-12-22,2018,12,22,08:05:00,8,Julieta Lanteri 1400,CALLE,LANTERI JULIETA,1,AUTO-AUTO,AUTO,AUTO,2018_S2,DIURNO
2018-0141,1,2018-12-22,2018,12,22,17:40:00,17,Maza y Av. Independencia,AVENIDA,MAZA,5,PEATON-MOTO,PEATON,MOTO,2018_S2,DIURNO
2018-0142,1,2018-12-25,2018,12,25,13:30:00,13,"PAZ, GRAL. AV. 5172",GRAL PAZ,"PAZ, GRAL. AV.",12,CARGAS-PASAJEROS,CARGAS,PASAJEROS,2018_S2,DIURNO
2018-0143,1,2018-12-29,2018,12,29,05:25:00,5,"Olivera Av. y Alberdi, Juan Bautista Av.",AVENIDA,OLIVERA AV.,10,MOTO-AUTO,MOTO,AUTO,2018_S2,NOCTURNO
2019-0001,1,2019-01-08,2019,1,8,08:30:00,8,"CASTILLO, RAMON S., PRES. AV. Y CALLE 12",AVENIDA,"CASTILLO, RAMON S., PRES. AV.",2,MOTO-CARGAS,MOTO,CARGAS,2019_S1,DIURNO
2019-0002,1,2019-01-09,2019,1,9,04:00:00,4,"CASTAÑARES AV. Y MORENO, PERITO AV.",AVENIDA,CASTA?ARES AV.,7,AUTO-CARGAS,AUTO,CARGAS,2019_S1,NOCTURNO
2019-0003,1,2019-01-12,2019,1,12,08:00:00,8,SAN MARTIN AV. Y TERRADA,AVENIDA,SAN MARTIN AV.,15,MOTO-AUTO,MOTO,AUTO,2019_S1,DIURNO
2019-0004,1,2019-01-14,2019,1,14,19:58:00,19,"PERON, EVA AV. Y MEDINA",AVENIDA,"PERON, EVA AV.",9,AUTO-PASAJEROS,AUTO,PASAJEROS,2019_S1,NOCTURNO
2019-0005,1,2019-01-19,2019,1,19,12:00:00,12,"JUSTO, JUAN B. AV. Y ALVAREZ JONTE AV.",AVENIDA,"JUSTO, JUAN B. AV.",10,MOTO-CARGAS,MOTO,CARGAS,2019_S1,DIURNO
2019-0006,1,2019-01-23,2019,1,23,05:45:00,5,"OBLIGADO RAFAEL, AV. COSTANERA 4650",AVENIDA,"OBLIGADO RAFAEL, AV.COSTANERA",14,PEATON-AUTO,PEATON,AUTO,2019_S1,NOCTURNO
2019-0007,1,2019-01-26,2019,1,26,19:34:00,19,"MITRE, BARTOLOME Y YATAY",CALLE,"MITRE, BARTOLOME",5,MOTO-AUTO,MOTO,AUTO,2019_S1,NOCTURNO
2019-0008,1,2019-01-30,2019,1,30,22:45:00,22,"PAZ, GRAL. AV. 16080",GRAL PAZ,"PAZ, GRAL. AV.",8,MULTIPLE,MOTO,MULTIPLE,2019_S1,NOCTURNO
2019-0009,1,2019-01-31,2019,1,31,14:55:00,14,CHACABUCO Y SAN JUAN AV.,AVENIDA,CHACABUCO,1,MOTO-AUTO,MOTO,AUTO,2019_S1,DIURNO
2019-0010,2,2019-02-02,2019,2,2,07:50:00,7,DEL LIBERTADOR AV. 4100,AVENIDA,DEL LIBERTADOR AV.,14,PEATON-AUTO,PEATON,AUTO,2019_S1,DIURNO
2019-0011,1,2019-02-10,2019,2,10,01:00:00,1,"PAZ, GRAL. AV. Y ALBERDI, JUAN BAUTISTA AV.",GRAL PAZ,"PAZ, GRAL. AV.",9,PEATON-AUTO,PEATON,AUTO,2019_S1,NOCTURNO
2019-0012,1,2019-02-17,2019,2,17,03:16:00,3,"CASTAÑARES AV. Y GORDILLO, TIMOTEO",AVENIDA,CASTA?ARES AV.,8,MOTO-AUTO,MOTO,AUTO,2019_S1,NOCTURNO
2019-0013,1,2019-02-20,2019,2,20,07:30:00,7,SALVIGNY Y MOM,CALLE,SALVIGNY,7,PEATON-AUTO,PEATON,AUTO,2019_S1,DIURNO
2019-0014,1,2019-02-20,2019,2,20,17:30:00,17,"LAMARCA, EMILIO 5402",CALLE,"LAMARCA, EMILIO",11,MOTO-OBJETO FIJO,MOTO,OBJETO FIJO,2019_S1,DIURNO
2019-0015,1,2019-02-23,2019,2,23,06:57:00,6,SAN MARTIN AV. 5638,AVENIDA,SAN MARTIN AV.,11,AUTO-OBJETO FIJO,AUTO,OBJETO FIJO,2019_S1,DIURNO
2019-0016,1,2019-02-24,2019,2,24,02:00:00,2,"CARRILLO, RAMON, DR. Y FINOCHIETTO ENRIQUE DR.",CALLE,"CARRILLO, RAMON, DR.",4,MOTO-PASAJEROS,MOTO,PASAJEROS,2019_S1,NOCTURNO
2019-0017,1,2019-03-03,2019,3,3,07:00:00,7,MEXICO Y PICHINCHA,CALLE,MEXICO,3,AUTO-PASAJEROS,AUTO,PASAJEROS,2019_S1,DIURNO
2019-0018,1,2019-03-03,2019,3,3,23:30:00,23,"CANTILO, INT. Y UDAONDO, GUILLERMO AV.",AUTOPISTA,"CANTILO, INT.",13,PEATON-AUTO,PEATON,AUTO,2019_S1,NOCTURNO
2019-0019,1,2019-03-06,2019,3,6,12:00:00,12,DEL LIBERTADOR AV. 6326,AVENIDA,DEL LIBERTADOR AV.,13,MOTO-AUTO,MOTO,AUTO,2019_S1,DIURNO
2019-0020,1,2019-03-07,2019,3,7,21:01:00,21,CHICLANA AV. 3444,AVENIDA,CHICLANA AV.,5,MOTO-AUTO,MOTO,AUTO,2019_S1,NOCTURNO
2019-0021,1,2019-03-15,2019,3,15,22:50:00,22,BOYACA AV. Y YERBAL,AVENIDA,BOYACA AV.,7,MOTO-AUTO,MOTO,AUTO,2019_S1,NOCTURNO
2019-0023,1,2019-03-16,2019,3,16,08:28:00,8,"PAZ, GRAL. AV. Y JACQUES, AMADEO",GRAL PAZ,"PAZ, GRAL. AV.",9,AUTO-OBJETO FIJO,AUTO,OBJETO FIJO,2019_S1,DIURNO
2019-0024,1,2019-03-19,2019,3,19,1900-01-14 07:12:00,7,ANTARTIDA ARGENTINA AV. 1325,AVENIDA,ANTARTIDA ARGENTINA AV.,1,MOTO-CARGAS,MOTO,CARGAS,2019_S1,DIURNO
2019-0025,1,2019-03-22,2019,3,22,13:10:00,13,"MITRE, BARTOLOME Y SANCHEZ DE BUSTAMANTE",CALLE,"MITRE, BARTOLOME",5,PEATON-AUTO,PEATON,AUTO,2019_S1,DIURNO
2019-0026,1,2019-03-28,2019,3,28,07:32:00,7,"FERNANDEZ DE LA CRUZ, F. , GRAL. AV. Y LARRAZABAL",AVENIDA,"FERNANDEZ DE LA CRUZ, F., GRAL. AV.",8,PEATON-PASAJEROS,PEATON,PASAJEROS,2019_S1,DIURNO
2019-0027,1,2019-03-28,2019,3,28,11:11:00,11,SANTA FE AV. Y AZCUENAGA,AVENIDA,SANTA FE AV.,2,MULTIPLE,BICICLETA,MULTIPLE,2019_S1,DIURNO
2019-0028,1,2019-04-06,2019,4,6,09:15:00,9,"JUSTO, JUAN B. AV. y OROÑO, NICASIO",AVENIDA,"JUSTO, JUAN B. AV.",11,PEATON-PASAJEROS,PEATON,PASAJEROS,2019_S1,DIURNO
2019-0029,1,2019-04-07,2019,4,7,10:15:00,10,"FERNANDEZ DE LA CRUZ, F. , GRAL. AV. Y LACARRA AV.",AVENIDA,"FERNANDEZ DE LA CRUZ, F., GRAL. AV.",8,MOTO-OBJETO FIJO,MOTO,OBJETO FIJO,2019_S1,DIURNO
2019-0030,1,2019-04-09,2019,4,9,16:00:00,16,"ALVAREZ, DONATO, TTE. GRAL. Y YERBAL",CALLE,"ALVAREZ, DONATO, TTE. GRAL.",7,MOTO-CARGAS,MOTO,CARGAS,2019_S1,DIURNO
2019-0031,1,2019-04-12,2019,4,12,19:55:00,19,"CORDOBA AV. Y MADERO, EDUARDO AV.",AVENIDA,CORDOBA AV.,1,BICICLETA-CARGAS,BICICLETA,CARGAS,2019_S1,NOCTURNO
2019-0032,1,2019-04-16,2019,4,16,11:00:00,11,"CAMARONES Y ALVAREZ, DONATO, TTE. GRAL. AV.",AVENIDA,CAMARONES,11,PEATON-AUTO,PEATON,AUTO,2019_S1,DIURNO
2019-0034,1,2019-04-21,2019,4,21,09:08:00,9,"MORENO, PERITO AV. 3050",AVENIDA,"MORENO, PERITO AV.",7,MOTO-OBJETO FIJO,MOTO,OBJETO FIJO,2019_S1,DIURNO
2019-0035,1,2019-04-23,2019,4,23,14:10:00,14,SUIPACHA 665,CALLE,SUIPACHA,1,PEATON-BICICLETA,PEATON,BICICLETA,2019_S1,DIURNO
2019-0036,1,2019-04-26,2019,4,26,22:46:00,22,RIGLOS Y FORMOSA,CALLE,RIGLOS,6,MOTO-AUTO,MOTO,AUTO,2019_S1,NOCTURNO
2019-0037,1,2019-05-01,2019,5,1,23:10:00,23,LA RIOJA E INDEPENDENCIA AV.,AVENIDA,LA RIOJA,3,MOTO-AUTO,MOTO,AUTO,2019_S1,NOCTURNO
2019-0038,1,2019-05-04,2019,5,4,14:10:00,14,"UDAONDO, GUILLERMO AV. Y FIGUEROA ALCORTA, PRES. AV.",AVENIDA,"UDAONDO, GUILLERMO AV.",13,PEATON-MOTO,PEATON,MOTO,2019_S1,DIURNO
2019-0039,1,2019-05-09,2019,5,9,03:05:00,3,SAN PEDRITO AV. Y DIRECTORIO AV.,AVENIDA,SAN PEDRITO AV.,7,MOTO-AUTO,MOTO,AUTO,2019_S1,NOCTURNO
2019-0041,1,2019-05-11,2019,5,11,20:30:00,20,"ALBERDI, JUAN BAUTISTA AV. Y ANDALGALA",AVENIDA,"ALBERDI, JUAN BAUTISTA AV.",9,MULTIPLE,AUTO,MULTIPLE,2019_S1,NOCTURNO
2019-0042,1,2019-05-14,2019,5,14,15:00:00,15,LIMA Y CONSTITUCION,CALLE,LIMA,1,PEATON-PASAJEROS,PEATON,PASAJEROS,2019_S1,DIURNO
2019-0043,1,2019-05-21,2019,5,21,09:00:00,9,"CORDOBA AV. Y MADERO, EDUARDO AV.",AVENIDA,CORDOBA AV.,1,BICICLETA-CARGAS,BICICLETA,CARGAS,2019_S1,DIURNO
2019-0044,1,2019-05-27,2019,5,27,12:45:00,12,BOEDO AV. 650,AVENIDA,BOEDO AV.,5,PEATON-MOTO,PEATON,MOTO,2019_S1,DIURNO
2019-0045,1,2019-06-03,2019,6,3,07:27:00,7,DEL LIBERTADOR AV. Y REPUBLICA DE LA INDIA,AVENIDA,DEL LIBERTADOR AV.,14,MOTO-CARGAS,MOTO,CARGAS,2019_S1,DIURNO
2019-0046,1,2019-06-04,2019,6,4,09:00:00,9,GRAL PAZ Y CABILDO,GRAL PAZ,"PAZ, GRAL. AV.",13,MOTO-AUTO,MOTO,AUTO,2019_S1,DIURNO
2019-0047,1,2019-06-06,2019,6,6,10:00:00,10,CASEROS AV. 1700,AVENIDA,CASEROS AV.,4,PEATON-CARGAS,PEATON,CARGAS,2019_S1,DIURNO
2019-0048,1,2019-06-07,2019,6,7,07:00:00,7,AVELLANEDA AV. 1548,AVENIDA,AVELLANEDA AV.,6,MOTO-CARGAS,MOTO,CARGAS,2019_S1,DIURNO
2019-0049,1,2019-06-08,2019,6,8,09:20:00,9,CIUDAD DE LA PAZ Y MENDOZA,CALLE,CIUDAD DE LA PAZ,13,PEATON-CARGAS,PEATON,CARGAS,2019_S1,DIURNO
2019-0050,1,2019-06-08,2019,6,8,23:35:00,23,"SALGUERO, JERONIMO Y HONDURAS AV.",AVENIDA,"SALGUERO, JERONIMO",14,MOTO-CARGAS,MOTO,CARGAS,2019_S1,NOCTURNO
2019-0051,1,2019-06-11,2019,6,11,10:00:00,10,"FILIBERTO, JUAN DE DIOS Y OLAVARRIA",CALLE,"FILIBERTO, JUAN DE DIOS",4,MOTO-AUTO,MOTO,AUTO,2019_S1,DIURNO
2019-0053,1,2019-06-14,2019,6,14,17:20:00,17,ASTURIAS AV. Y CASTAÑARES AV.,AVENIDA,ASTURIAS AV.,8,AUTO-AUTO,AUTO,AUTO,2019_S1,DIURNO
2019-0054,1,2019-06-20,2019,6,20,03:00:00,3,GANDARA 2976,CALLE,GANDARA,15,MOTO-OBJETO FIJO,MOTO,OBJETO FIJO,2019_S1,NOCTURNO
2019-0055,1,2019-06-20,2019,6,20,19:45:00,19,"GUEVARA, TRINIDAD Y MADERO, EDUARDO AV.",AVENIDA,"GUEVARA, TRINIDAD",1,MOTO-PASAJEROS,MOTO,PASAJEROS,2019_S1,NOCTURNO
2019-0056,1,2019-06-29,2019,6,29,17:16:00,17,BOYACA AV. 305,AVENIDA,BOYACA AV.,7,PEATON-AUTO,PEATON,AUTO,2019_S1,DIURNO
2019-0057,1,2019-07-05,2019,7,5,19:00:00,19,ARTILLEROS Y LA PAMPA,CALLE,ARTILLEROS,13,PEATON-AUTO,PEATON,AUTO,2019_S2,NOCTURNO
2019-0058,1,2019-07-10,2019,7,10,09:20:00,9,AUTOPISTA PERITO MORENO ALTURA PASO A NIVEL DE IRIGOYEN,AUTOPISTA,AUTOPISTA PERITO MORENO,10,MOTO-PASAJEROS,MOTO,PASAJEROS,2019_S2,DIURNO
2019-0059,1,2019-07-13,2019,7,13,22:35:00,22,15 DE NOVIEMBRE DE 1889 Y SANTIAGO DEL ESTERO,CALLE,15 DE NOVIEMBRE DE 1889,1,MOTO-PASAJEROS,MOTO,PASAJEROS,2019_S2,NOCTURNO
2019-0060,1,2019-07-17,2019,7,17,11:20:00,11,"ACOSTA, MARIANO AV. Y FALCON, RAMON L., CNEL.",AVENIDA,"ACOSTA, MARIANO AV.",10,PEATON-AUTO,PEATON,AUTO,2019_S2,DIURNO
2019-0061,1,2019-07-17,2019,7,17,18:40:00,18,11 DE SEPTIEMBRE DE 1888 Y MENDOZA,CALLE,11 DE SEPTIEMBRE DE 1888,13,PEATON-PASAJEROS,PEATON,PASAJEROS,2019_S2,DIURNO
2019-0062,1,2019-08-01,2019,8,1,23:00:00,23,"PINO, VIRREY DEL Y CAMPOS, LUIS M. AV.",AVENIDA,"PINO, VIRREY DEL",13,PEATON-PASAJEROS,PEATON,PASAJEROS,2019_S2,NOCTURNO
2019-0063,1,2019-08-04,2019,8,4,01:30:00,1,FOREST AV. Y MAURE,AVENIDA,FOREST AV.,15,MOTO-PASAJEROS,MOTO,PASAJEROS,2019_S2,NOCTURNO
2019-0064,1,2019-08-06,2019,8,6,03:15:00,3,"BOYACA AV. Y AVELLANEDA AV,",AVENIDA,BOYACA AV.,7,MOTO-AUTO,MOTO,AUTO,2019_S2,NOCTURNO
2019-0065,1,2019-08-08,2019,8,8,16:45:00,16,BARCO CENTENERA DEL Y TILCARA,CALLE,BARCO CENTENERA DEL,4,PEATON-PASAJEROS,PEATON,PASAJEROS,2019_S2,DIURNO
2019-0066,1,2019-08-11,2019,8,11,21:15:00,21,RIESTRA AV. Y BOLIVAR,AVENIDA,RIESTRA AV.,7,PEATON-AUTO,PEATON,AUTO,2019_S2,NOCTURNO
2019-0067,1,2019-08-14,2019,8,14,15:00:00,15,"CASTRO, EMILIO 4706",CALLE,"CASTRO, EMILIO",10,MOTO-CARGAS,MOTO,CARGAS,2019_S2,DIURNO
2019-0068,1,2019-08-14,2019,8,14,17:40:00,17,27 DE FEBRERO AV. 5600,AVENIDA,27 DE FEBRERO AV.,8,MOTO-MOTO,MOTO,MOTO,2019_S2,DIURNO
2019-0069,1,2019-08-17,2019,8,17,05:25:00,5,"GARAY, JUAN DE AV. 2874",AVENIDA,"GARAY, JUAN DE AV.",4,MOTO-AUTO,MOTO,AUTO,2019_S2,NOCTURNO
2019-0070,1,2019-08-22,2019,8,22,12:30:00,12,"SCALABRINI ORTIZ, RAUL AV. y GORRITI",AVENIDA,"SCALABRINI ORTIZ, RAUL AV.",14,MOTO-BICICLETA,MOTO,BICICLETA,2019_S2,DIURNO
2019-0071,1,2019-08-27,2019,8,27,11:30:00,11,PRIMERA JUNTA Y OLIVERA AV.,AVENIDA,PRIMERA JUNTA,9,PEATON-CARGAS,PEATON,CARGAS,2019_S2,DIURNO
2019-0072,1,2019-08-28,2019,8,28,06:20:00,6,"ALBERDI, JUAN BAUTISTA AV. Y AZUL",AVENIDA,"ALBERDI, JUAN BAUTISTA AV.",10,AUTO-AUTO,AUTO,AUTO,2019_S2,DIURNO
2019-0073,1,2019-08-29,2019,8,29,01:50:00,1,ALVAREZ THOMAS AV. 1788,AVENIDA,ALVAREZ THOMAS AV.,15,AUTO-OBJETO FIJO,AUTO,OBJETO FIJO,2019_S2,NOCTURNO
2019-0074,1,2019-08-29,2019,8,29,09:00:00,9,"LUGONES, LEOPOLDO AV. Y PAZ, GRAL. AV.",AUTOPISTA,"LUGONES, LEOPOLDO AV.",13,MOTO-CARGAS,MOTO,CARGAS,2019_S2,DIURNO
2019-0075,1,2019-08-30,2019,8,30,23:20:00,23,SAN ANTONIO Y LUJAN,CALLE,SAN ANTONIO,4,MOTO-PASAJEROS,MOTO,PASAJEROS,2019_S2,NOCTURNO
2019-0076,1,2019-09-05,2019,9,5,18:00:00,18,AUTOPISTA 1 SUR PRESIDENTE ARTURO FRONDIZI ALTURA DON PEDRO DE MENDOZA AV.,AUTOPISTA,AUTOPISTA 1 SUR PRESIDENTE ARTURO FRONDIZI,4,MOTO-CARGAS,MOTO,CARGAS,2019_S2,DIURNO
2019-0077,1,2019-09-08,2019,9,8,03:40:00,3,"FIGUEROA ALCORTA, PRES. AV. Y TAGLE",AVENIDA,"FIGUEROA ALCORTA, PRES. AV.",14,PEATON-AUTO,PEATON,AUTO,2019_S2,NOCTURNO
2019-0078,1,2019-09-12,2019,9,12,08:25:00,8,"EINSTEIN, ALBERTO Y ALCORTA, AMANCIO AV.",AVENIDA,"EINSTEIN, ALBERTO",4,PEATON-CARGAS,PEATON,CARGAS,2019_S2,DIURNO
2019-0079,1,2019-09-17,2019,9,17,05:30:00,5,AGRELO Y COLOMBRES,CALLE,AGRELO,5,MOTO-PASAJEROS,MOTO,PASAJEROS,2019_S2,NOCTURNO
2019-0080,1,2019-09-17,2019,9,17,1900-01-04 18:40:00,18,"CABILDO AV. y PAZ, GRAL. AV.",GRAL PAZ,CABILDO AV.,13,PEATON-MOTO,PEATON,MOTO,2019_S2,DIURNO
2019-0081,1,2019-09-23,2019,9,23,16:00:00,16,ELCANO AV. 4300,AVENIDA,ELCANO AV.,15,PEATON-PASAJEROS,PEATON,PASAJEROS,2019_S2,DIURNO
2019-0082,1,2019-09-25,2019,9,25,07:45:00,7,"RABANAL, FRANCISCO, INTENDENTE AV. 2428",AVENIDA,"RABANAL, FRANCISCO, INTENDENTE AV.",8,BICICLETA-CARGAS,BICICLETA,CARGAS,2019_S2,DIURNO
2019-0083,1,2019-09-26,2019,9,26,08:00:00,8,MONTE Y CORVALAN,CALLE,MONTE,9,AUTO-AUTO,AUTO,AUTO,2019_S2,DIURNO
2019-0084,1,2019-09-27,2019,9,27,11:45:00,11,TANDIL Y LA FUENTE,CALLE,TANDIL,7,BICICLETA-CARGAS,BICICLETA,CARGAS,2019_S2,DIURNO
2019-0085,1,2019-10-09,2019,10,9,22:18:00,22,CARDOSO Y BACACAY,CALLE,CARDOSO,10,BICICLETA-TREN,BICICLETA,TREN,2019_S2,NOCTURNO
2019-0086,1,2019-10-15,2019,10,15,14:10:00,14,CORRIENTES AV. 6700,AVENIDA,CORRIENTES AV.,15,MOTO-PASAJEROS,MOTO,PASAJEROS,2019_S2,DIURNO
2019-0087,1,2019-10-21,2019,10,21,21:00:00,21,ALVAREZ THOMAS AV. Y MENDOZA,AVENIDA,ALVAREZ THOMAS AV.,12,MOTO-MOTO,MOTO,MOTO,2019_S2,NOCTURNO
2019-0088,1,2019-10-22,2019,10,22,20:00:00,20,"ALCORTA, AMANCIO AV. Y BONAVENA, OSCAR NATALIO",AVENIDA,"ALCORTA, AMANCIO AV.",4,PEATON-PASAJEROS,PEATON,PASAJEROS,2019_S2,NOCTURNO
2019-0089,1,2019-10-23,2019,10,23,15:45:00,15,"BROWN, ALTE. AV. Y BLANES, JUAN MANUEL",AVENIDA,"BROWN, ALTE. AV.",4,PEATON-CARGAS,PEATON,CARGAS,2019_S2,DIURNO
2019-0090,1,2019-10-24,2019,10,24,18:26:00,18,"ALBERDI, JUAN BAUTISTA AV. 5455",AVENIDA,"ALBERDI, JUAN BAUTISTA AV.",9,PEATON-MOTO,PEATON,MOTO,2019_S2,DIURNO
2019-0091,1,2019-11-01,2019,11,1,20:50:00,20,"JUSTO, JUAN B. AV. Y CAMARGO",AVENIDA,"JUSTO, JUAN B. AV.",15,PEATON-PASAJEROS,PEATON,PASAJEROS,2019_S2,NOCTURNO
2019-0092,1,2019-11-03,2019,11,3,10:30:00,10,"BRIN, MINISTRO Y SUAREZ",CALLE,"BRIN, MINISTRO",4,PEATON-PASAJEROS,PEATON,PASAJEROS,2019_S2,DIURNO
2019-0093,1,2019-11-13,2019,11,13,11:50:00,11,"NIZA Y JUSTO, JUAN B. AV.",AVENIDA,NIZA,11,BICICLETA-OTRO,BICICLETA,OTRO,2019_S2,DIURNO
2019-0094,1,2019-11-18,2019,11,18,14:00:00,14,CAMARGO Y SERRANO,CALLE,CAMARGO,15,MOTO-OTRO,MOTO,OTRO,2019_S2,DIURNO
2019-0095,1,2019-11-20,2019,11,20,15:30:00,15,AUTOPISTA 1 SUR PRESIDENTE ARTURO FRONDIZI ALTURA CASEROS AV.,AUTOPISTA,AUTOPISTA 1 SUR PRESIDENTE ARTURO FRONDIZI,1,MOTO-CARGAS,MOTO,CARGAS,2019_S2,DIURNO
2019-0096,1,2019-11-22,2019,11,22,19:33:00,19,CASEROS AV. Y PIEDRAS,AVENIDA,CASEROS AV.,1,PEATON-PASAJEROS,PEATON,PASAJEROS,2019_S2,NOCTURNO
2019-0097,1,2019-11-25,2019,11,25,08:50:00,8,"AUTOPISTA PERITO MORENO KM 5,6",AUTOPISTA,AUTOPISTA PERITO MORENO,9,MULTIPLE,MOTO,MULTIPLE,2019_S2,DIURNO
2019-0098,1,2019-11-25,2019,11,25,14:00:00,14,GUZMAN 365,AVENIDA,GUZMAN,15,PASAJEROS-PASAJEROS,PASAJEROS,PASAJEROS,2019_S2,DIURNO
2019-0100,1,2019-12-05,2019,12,5,17:30:00,17,de los constituyentes av. 4300,AVENIDA,DE LOS CONSTITUYENTES AV.,12,MOTO-AUTO,MOTO,AUTO,2019_S2,DIURNO
2019-0101,1,2019-12-17,2019,12,17,04:20:00,4,"MORENO, PERITO AV. Y TILCARA AV.",AVENIDA,"MORENO, PERITO AV.",4,MOTO-MOTO,MOTO,MOTO,2019_S2,NOCTURNO
2019-0102,1,2019-12-17,2019,12,17,14:30:00,14,"IBARROLA Y GORDILLO, TIMOTEO",CALLE,IBARROLA,9,MOTO-AUTO,MOTO,AUTO,2019_S2,DIURNO
2019-0104,1,2019-12-21,2019,12,21,04:25:00,4,RIVADAVIA AV. Y PERGAMINO,AVENIDA,RIVADAVIA AV.,10,MOTO-AUTO,MOTO,AUTO,2019_S2,NOCTURNO
2019-0105,1,2019-05-05,2019,5,5,11:00:00,11,SANTO TOME Y SEGUROLA AV.,AVENIDA,SANTO TOME,10,PEATON-AUTO,PEATON,AUTO,2019_S1,DIURNO
2020-0001,1,2020-01-04,2020,1,4,10:40:00,10,URIARTE Y LOYOLA,CALLE,URIARTE,15,PEATON-AUTO,PEATON,AUTO,2020_S1,DIURNO
2020-0002,1,2020-01-05,2020,1,5,20:00:00,20,SARAZA Y VARELA AV.,AVENIDA,SARAZA,7,MOTO-OBJETO FIJO,MOTO,OBJETO FIJO,2020_S1,NOCTURNO
2020-0003,1,2020-01-11,2020,1,11,06:00:00,6,RIVADAVIA AV. Y COMBATE DE LOS POZOS,AVENIDA,RIVADAVIA AV.,3,PEATON-AUTO,PEATON,AUTO,2020_S1,DIURNO
2020-0004,1,2020-01-14,2020,1,14,21:40:00,21,RODRIGUEZ PEÑA Y RIVADAVIA AV.,AVENIDA,RODRIGUEZ PE?A,1,PEATON-PASAJEROS,PEATON,PASAJEROS,2020_S1,NOCTURNO
2020-0005,1,2020-01-14,2020,1,14,06:00:00,6,24 DE NOVIEMBRE Y SAN JUAN AV.,AVENIDA,24 DE NOVIEMBRE,3,MOTO-PASAJEROS,MOTO,PASAJEROS,2020_S1,DIURNO
2020-0006,1,2020-01-20,2020,1,20,12:55:00,12,LAFUENTE AV. 2250,AVENIDA,LAFUENTE AV.,8,MOTO-CARGAS,MOTO,CARGAS,2020_S1,DIURNO
2020-0007,1,2020-01-27,2020,1,27,00:37:00,0,CHILE Y LIMA ,CALLE,CHILE,1,PEATON-MOTO,PEATON,MOTO,2020_S1,NOCTURNO
2020-0008,1,2020-01-30,2020,1,30,07:10:00,7,CORDOBA AV. Y JEAN JAURES,AVENIDA,CORDOBA AV.,2,MOTO-CARGAS,MOTO,CARGAS,2020_S1,DIURNO
2020-0009,1,2020-02-04,2020,2,4,14:50:00,14,"PERON, JUAN DOMINGO, TTE. GENERAL Y SALGUERO, JERONIMO",CALLE,"PERON, JUAN DOMINGO, TTE. GENERAL",5,PEATON-AUTO,PEATON,AUTO,2020_S1,DIURNO
2020-0010,1,2020-02-08,2020,2,8,05:45:00,5,9 DE JULIO AV. Y SAN JUAN AV.,AVENIDA,9 DE JULIO AV.,1,MOTO-OBJETO FIJO,MOTO,OBJETO FIJO,2020_S1,NOCTURNO
2020-0011,1,2020-02-12,2020,2,12,11:29:00,11,COLOMBRES 466,CALLE,COLOMBRES,5,MOTO-CARGAS,MOTO,CARGAS,2020_S1,DIURNO
2020-0012,1,2020-02-18,2020,2,18,21:00:00,21,MEXICO 2860,CALLE,MEXICO,3,PEATON-MOTO,PEATON,MOTO,2020_S1,NOCTURNO
2020-0013,1,2020-02-20,2020,2,20,12:00:00,12,COMBATIENTES DE MALVINAS AV. Y TRIUNVITARO AV.,AVENIDA,COMBATIENTES DE MALVINAS AV.,15,PEATON-MOTO,PEATON,MOTO,2020_S1,DIURNO
2020-0014,1,2020-02-27,2020,2,27,02:14:00,2,BERMUDEZ Y NOGOYA,CALLE,BERMUDEZ,11,MOTO-PASAJEROS,MOTO,PASAJEROS,2020_S1,NOCTURNO
2020-0015,1,2020-02-28,2020,2,28,14:30:00,14,BRASIL AV. Y PASEO COLON AV.,AVENIDA,BRASIL AV.,1,MOTO-PASAJEROS,MOTO,PASAJEROS,2020_S1,DIURNO
2020-0016,1,2020-02-29,2020,2,29,13:00:00,13,"ALEM,LEANDRO N. AV. 770",AVENIDA,"ALEM, LEANDRO N. AV.",1,PEATON-PASAJEROS,PEATON,PASAJEROS,2020_S1,DIURNO
2020-0017,1,2020-03-05,2020,3,5,23:00:00,23,BELGRANO AV. Y RINCON,AVENIDA,BELGRANO AV.,3,PEATON-AUTO,PEATON,AUTO,2020_S1,NOCTURNO
2020-0018,1,2020-03-09,2020,3,9,14:00:00,14,"UDAONDO, GUILLERMO AV. 901",AVENIDA,"UDAONDO, GUILLERMO AV.",13,MOTO-OBJETO FIJO,MOTO,OBJETO FIJO,2020_S1,DIURNO
2020-0019,1,2020-03-10,2020,3,10,21:00:00,21,CONSTITUCION Y CASTRO,CALLE,CONSTITUCION,5,PEATON-AUTO,PEATON,AUTO,2020_S1,NOCTURNO
2020-0020,1,2020-03-13,2020,3,13,17:30:00,17,"PUEYRREDON AV. Y GOMEZ, VALENTIN",AVENIDA,PUEYRREDON AV.,3,PEATON-MOTO,PEATON,MOTO,2020_S1,DIURNO
2020-0021,1,2020-03-14,2020,3,14,16:50:00,16,"BRAVO, MARIO 1279",CALLE,"BRAVO, MARIO",2,PEATON-AUTO,PEATON,AUTO,2020_S1,DIURNO
2020-0022,1,2020-04-07,2020,4,7,06:15:00,6,"DELLEPIANE, LUIS, TTE. GRAL. Y ESCALADA AV.",AUTOPISTA,AUTOPISTA DELLEPIANE LUIS TTE. GRAL.,9,AUTO-CARGAS,AUTO,CARGAS,2020_S1,DIURNO
2020-0023,1,2020-04-09,2020,4,9,18:42:00,18,"ARAOZ DE LAMADRID, GREGORIO, GRAL. Y BROWN, ALTE. AV.",AVENIDA,"ARAOZ DE LAMADRID, GREGORIO, GRAL.",4,AUTO-CARGAS,AUTO,CARGAS,2020_S1,DIURNO
2020-0024,1,2020-04-24,2020,4,24,07:58:00,7,MURGUIONDO 1339,CALLE,MURGUIONDO,9,AUTO-AUTO,AUTO,AUTO,2020_S1,DIURNO
2020-0025,1,2020-05-12,2020,5,12,05:35:00,5,RIVADAVIA AV. 2551,AVENIDA,RIVADAVIA AV.,3,PEATON-AUTO,PEATON,AUTO,2020_S1,NOCTURNO
2020-0026,1,2020-05-17,2020,5,17,06:40:00,6,"LUGONES, LEOPOLDO AV. KM 6,1",AUTOPISTA,"LUGONES, LEOPOLDO AV.",14,MOTO-OBJETO FIJO,MOTO,OBJETO FIJO,2020_S1,DIURNO
2020-0027,1,2020-05-18,2020,5,18,08:00:00,8,"DELLEPIANE, LUIS, TTE. GRAL. Y MONTIEL",AVENIDA,"DELLEPIANE, LUIS, TTE. GRAL.",8,PEATON-CARGAS,PEATON,CARGAS,2020_S1,DIURNO
2020-0028,1,2020-05-19,2020,5,19,10:00:00,10,"SCALABRINI ORTIZ, RAUL AV. Y WARNES AV.",AVENIDA,"SCALABRINI ORTIZ, RAUL AV.",15,PEATON-PASAJEROS,PEATON,PASAJEROS,2020_S1,DIURNO
2020-0029,1,2020-06-10,2020,6,10,14:00:00,14,"PAZ, GRAL. AV. y ROFFO, ANGEL H., DR.",GRAL PAZ,"PAZ, GRAL. AV.",9,PEATON-PASAJEROS,PEATON,PASAJEROS,2020_S1,DIURNO
2020-0030,1,2020-06-16,2020,6,16,15:00:00,15,SAN MARTIN AV. 1550,AVENIDA,SAN MARTIN AV.,6,MULTIPLE,MOTO,MULTIPLE,2020_S1,DIURNO
2020-0031,1,2020-06-30,2020,6,30,08:00:00,8,"GARZON, EUGENIO, GRAL. AV. y LARRAYA",AVENIDA,"GARZON, EUGENIO, GRAL. AV.",9,MOTO-CARGAS,MOTO,CARGAS,2020_S1,DIURNO
2020-0032,1,2020-07-10,2020,7,10,23:00:00,23,CORRIENTES AV. Y SERRANO,AVENIDA,CORRIENTES AV.,15,MOTO-AUTO,MOTO,AUTO,2020_S2,NOCTURNO
2020-0033,1,2020-07-19,2020,7,19,06:25:00,6,"PAZ, GRAL. AV. Y DEL LIBERTADOR AV.",GRAL PAZ,"PAZ, GRAL. AV.",13,AUTO-OBJETO FIJO,AUTO,OBJETO FIJO,2020_S2,DIURNO
2020-0034,1,2020-08-02,2020,8,2,03:20:00,3,"MITRE, BARTOLOME Y ANCHORENA, TOMAS MANUEL DE, DR.",CALLE,"MITRE, BARTOLOME",3,PEATON-AUTO,PEATON,AUTO,2020_S2,NOCTURNO
2020-0035,1,2020-08-04,2020,8,4,05:30:00,5,"AU 25 DE MAYO ALTURA PUMACAHUA Y RECUERO, CASIMIRO, TTE. CNEL.",AUTOPISTA,AUTOPISTA 25 DE MAYO,7,MOTO-PASAJEROS,MOTO,PASAJEROS,2020_S2,NOCTURNO
2020-0036,1,2020-08-07,2020,8,7,18:40:00,18,"SCALABRINI ORTIZ, RAUL AV. Y PARAGUAY",AVENIDA,"SCALABRINI ORTIZ, RAUL AV.",14,PEATON-MOTO,PEATON,MOTO,2020_S2,DIURNO
2020-0037,1,2020-08-29,2020,8,29,04:30:00,4,"FERNANDEZ DE LA CRUZ, F., GRAL. AV. Y VARELA AV.",AVENIDA,"FERNANDEZ DE LA CRUZ, F., GRAL. AV.",8,PEATON-AUTO,PEATON,AUTO,2020_S2,NOCTURNO
2020-0038,2,2020-08-30,2020,8,30,04:00:00,4,"LAS HERAS GENERAL AV. Y DIAZ, CNEL. AV.",AVENIDA,LAS HERAS GENERAL AV.,14,AUTO-AUTO,AUTO,AUTO,2020_S2,NOCTURNO
2020-0039,1,2020-09-01,2020,9,1,19:17:42,19,MURGUIONDO 2700,CALLE,MURGUIONDO,9,PEATON-CARGAS,PEATON,CARGAS,2020_S2,NOCTURNO
2020-0040,1,2020-09-12,2020,9,12,03:30:00,3,"CASTILLO, RAMON S., PRES. AV. Y CALLE 12",AVENIDA,"CASTILLO, RAMON S., PRES. AV.",2,AUTO-OBJETO FIJO,AUTO,OBJETO FIJO,2020_S2,NOCTURNO
2020-0041,1,2020-09-28,2020,9,28,01:45:00,1,"CURAPALIGUE Y PERON, EVA AV.",AVENIDA,CURAPALIGUE,7,MOTO-PASAJEROS,MOTO,PASAJEROS,2020_S2,NOCTURNO
2020-0042,1,2020-09-29,2020,9,29,17:10:00,17,"DIAZ, ANA Y SOLDADO DE LA FRONTERA AV.",AVENIDA,"DIAZ, ANA",8,PEATON-PASAJEROS,PEATON,PASAJEROS,2020_S2,DIURNO
2020-0043,1,2020-09-30,2020,9,30,17:20:00,17,"ALEM, LEANDRO N. AV. Y PARAGUAY",AVENIDA,"ALEM, LEANDRO N. AV.",1,PEATON-PASAJEROS,PEATON,PASAJEROS,2020_S2,DIURNO
2020-0044,1,2020-10-05,2020,10,5,00:20:00,0,LA PLATA AV. E INDEPENDENCIA,AVENIDA,LA PLATA AV.,6,AUTO-AUTO,AUTO,AUTO,2020_S2,NOCTURNO
2020-0045,1,2020-10-19,2020,10,19,03:00:00,3,"PAZ, GRAL. AV. Y 27 DE FEBRERO AV.",GRAL PAZ,"PAZ, GRAL. AV.",8,AUTO-CARGAS,AUTO,CARGAS,2020_S2,NOCTURNO
2020-0046,1,2020-10-27,2020,10,27,21:00:00,21,"NAZCA AV. Y CARRANZA, ADOLFO P.",AVENIDA,NAZCA AV.,11,MOTO-MOTO,MOTO,MOTO,2020_S2,NOCTURNO
2020-0047,1,2020-10-27,2020,10,27,14:00:00,14,AUTOPISTA CAMPORA ALTURA LACARRA AV.,AUTOPISTA,AUTOPISTA PRESIDENTE HECTOR J. CAMPORA,9,PEATON-CARGAS,PEATON,CARGAS,2020_S2,DIURNO
2020-0048,1,2020-10-29,2020,10,29,20:20:00,20,DORREGO AV. 614,AVENIDA,DORREGO AV.,15,MOTO-OBJETO FIJO,MOTO,OBJETO FIJO,2020_S2,NOCTURNO
2020-0049,1,2020-10-30,2020,10,30,20:00:00,20,"DEL LIBERTADOR AV. Y RAMOS MEJIA, JOSE MARIA, DR. AV.",AVENIDA,DEL LIBERTADOR AV.,1,PEATON-AUTO,PEATON,AUTO,2020_S2,NOCTURNO
2020-0050,1,2020-11-01,2020,11,1,22:00:00,22,SANTA FE AV. Y GODOY CRUZ,AVENIDA,SANTA FE AV.,14,PEATON-MOTO,PEATON,MOTO,2020_S2,NOCTURNO
2020-0051,1,2020-11-05,2020,11,5,00:40:00,0,AVELLANEDA AV. Y MERCEDES,AVENIDA,AVELLANEDA AV.,10,MOTO-AUTO,MOTO,AUTO,2020_S2,NOCTURNO
2020-0052,1,2020-11-07,2020,11,7,06:50:00,6,TUCUMAN Y PUEYRREDON AV.,AVENIDA,TUCUMAN,3,BICICLETA-CARGAS,BICICLETA,CARGAS,2020_S2,DIURNO
2020-0053,1,2020-11-09,2020,11,9,03:30:00,3,"ALCORTA, AMANCIO AV. Y EINSTEIN, ALBERTO",AVENIDA,"ALCORTA, AMANCIO AV.",4,AUTO-AUTO,AUTO,AUTO,2020_S2,NOCTURNO
2020-0054,1,2020-11-19,2020,11,19,09:00:00,9,INCLAN Y ALBERTI,CALLE,INCLAN,4,BICICLETA-AUTO,BICICLETA,AUTO,2020_S2,DIURNO
2020-0055,1,2020-11-19,2020,11,19,12:30:00,12,OLAZABAL AV. 5437,AVENIDA,OLAZABAL AV.,12,PEATON-CARGAS,PEATON,CARGAS,2020_S2,DIURNO
2020-0056,1,2020-11-21,2020,11,21,13:00:00,13,"PAZ, GRAL. AV. Y DOCTOR RAMON CARRILLO",GRAL PAZ,"PAZ, GRAL. AV.",8,MOTO-CARGAS,MOTO,CARGAS,2020_S2,DIURNO
2020-0057,1,2020-11-23,2020,11,23,07:45:00,7,"NAZCA AV. Y VIALE, LUIS",AVENIDA,NAZCA AV.,11,PEATON-AUTO,PEATON,AUTO,2020_S2,DIURNO
2020-0058,1,2020-11-24,2020,11,24,16:00:00,16,"OLIVERA AV. Y FALCON, RAMON L., CNEL.",AVENIDA,OLIVERA AV.,10,PEATON-AUTO,PEATON,AUTO,2020_S2,DIURNO
2020-0059,1,2020-12-01,2020,12,1,06:35:00,6,BRASIL 1100,CALLE,BRASIL,1,PEATON-PASAJEROS,PEATON,PASAJEROS,2020_S2,DIURNO
2020-0060,1,2020-12-03,2020,12,3,20:30:00,20,"HOMERO Y PERON, EVA AV.",AVENIDA,HOMERO,9,PEATON-MOTO,PEATON,MOTO,2020_S2,NOCTURNO
2020-0061,1,2020-12-03,2020,12,3,14:40:00,14,"CANTILO, INT. Y UDAONDO, GUILLERMO AV.",AUTOPISTA,"CANTILO, INT.",13,MOTO-CARGAS,MOTO,CARGAS,2020_S2,DIURNO
2020-0062,1,2020-12-04,2020,12,4,17:19:00,17,MORENO 1845,CALLE,MORENO,3,BICICLETA-PASAJEROS,BICICLETA,PASAJEROS,2020_S2,DIURNO
2020-0063,2,2020-12-05,2020,12,5,07:10:00,7,NUEVA YORK Y ALTA GRACIA,CALLE,NUEVA YORK,11,PEATON_MOTO-MOTO,PEATON_MOTO,MOTO,2020_S2,DIURNO
2020-0065,1,2020-12-05,2020,12,5,16:00:00,16,"PAZ, GRAL. AV. Y GOYENECHE, ROBERTO PARQUE AV.",GRAL PAZ,"PAZ, GRAL. AV.",12,MOTO-AUTO,MOTO,AUTO,2020_S2,DIURNO
2020-0066,1,2020-12-07,2020,12,7,04:30:00,4,AUTOPISTA PERITO MORENO ALTURA ESTACION DE TREN VILLA LURO,AUTOPISTA,AUTOPISTA PERITO MORENO,10,MOTO-OBJETO FIJO,MOTO,OBJETO FIJO,2020_S2,NOCTURNO
2020-0067,1,2020-12-11,2020,12,11,22:00:00,22,SAENZ AV. Y BEAZLEY,AVENIDA,SAENZ AV.,4,PEATON-PASAJEROS,PEATON,PASAJEROS,2020_S2,NOCTURNO
2020-0068,1,2020-12-12,2020,12,12,20:30:00,20,DEL LIBERTADOR AV. Y AUSTRIA,AVENIDA,DEL LIBERTADOR AV.,2,MOTO-AUTO,MOTO,AUTO,2020_S2,NOCTURNO
2020-0069,1,2020-12-15,2020,12,15,05:20:00,5,"INDEPENDENCIA AV. Y SAENZ PEÑA, LUIS, PRES.",AVENIDA,INDEPENDENCIA AV.,1,MOTO-PASAJEROS,MOTO,PASAJEROS,2020_S2,NOCTURNO
2020-0070,1,2020-12-17,2020,12,17,15:35:00,15,"CALLAO AV. Y LAS HERAS, GENERAL",AVENIDA,CALLAO AV.,2,PEATON-PASAJEROS,PEATON,PASAJEROS,2020_S2,DIURNO
2020-0071,1,2020-12-17,2020,12,17,23:00:00,23,SAN PEDRITO AV. Y DIRECTORIO AV.,AVENIDA,SAN PEDRITO AV.,7,PEATON-AUTO,PEATON,AUTO,2020_S2,NOCTURNO
2020-0072,1,2020-12-19,2020,12,19,03:30:00,3,"JUJUY AV. Y CARLOS, CALVO",AVENIDA,JUJUY AV.,3,BICICLETA-AUTO,BICICLETA,AUTO,2020_S2,NOCTURNO
2020-0073,1,2020-12-20,2020,12,20,07:40:00,7,27 DE FEBRERO AV. Y ESCALADA AV.,AVENIDA,27 DE FEBRERO AV.,8,MOTO-OBJETO FIJO,MOTO,OBJETO FIJO,2020_S2,DIURNO
2020-0074,1,2020-12-20,2020,12,20,21:00:00,21,BOGOTA Y NAZCA AV.,AVENIDA,BOGOTA,7,AUTO-AUTO,AUTO,AUTO,2020_S2,NOCTURNO
2020-0075,1,2020-12-23,2020,12,23,14:00:00,14,CORRIENTES AV. Y 9 DE JULIO AV.,AVENIDA,CORRIENTES AV.,1,PEATON-PASAJEROS,PEATON,PASAJEROS,2020_S2,DIURNO
2020-0076,1,2020-12-24,2020,12,24,12:30:00,12,ALVAREZ JONTE AV. Y CHIVILCOY,AVENIDA,ALVAREZ JONTE AV.,10,AUTO-PASAJEROS,AUTO,PASAJEROS,2020_S2,DIURNO
2020-0077,2,2020-12-25,2020,12,25,06:40:00,6,SAN MARTIN AV. Y PUNTA ARENAS,AVENIDA,SAN MARTIN AV.,15,MOTO-AUTO,MOTO,AUTO,2020_S2,DIURNO
2020-0078,1,2020-12-25,2020,12,25,05:50:00,5,BARCO CENTENERA DEL 1118,CALLE,BARCO CENTENERA DEL,7,BICICLETA-PASAJEROS,BICICLETA,PASAJEROS,2020_S2,NOCTURNO
2020-0079,1,2020-12-27,2020,12,27,04:15:00,4,"PAZ, GRAL. AV. Y ACCESO NORTE - PANAMERICANA",GRAL PAZ,"PAZ, GRAL. AV.",12,MOTO-OBJETO FIJO,MOTO,OBJETO FIJO,2020_S2,NOCTURNO
2021-0001,1,2021-01-06,2021,1,6,18:00:00,18,AU FRONDIZI KM. 3,AUTOPISTA,AUTOPISTA 1 SUR PRESIDENTE ARTURO FRONDIZI,1,MOTO-AUTO,MOTO,AUTO,2021_S1,DIURNO
2021-0002,1,2021-01-07,2021,1,7,10:20:00,10,"CASTRO, EMILIO AV. Y MURGUIONDO",AVENIDA,"CASTRO, EMILIO AV.",9,MOTO-CARGAS,MOTO,CARGAS,2021_S1,DIURNO
2021-0003,1,2021-01-10,2021,1,10,07:40:00,7,"AU 25 DE MAYO KM. 3,7",AUTOPISTA,AUTOPISTA 25 DE MAYO,7,MOTO-OBJETO FIJO,MOTO,OBJETO FIJO,2021_S1,DIURNO
2021-0004,1,2021-01-11,2021,1,11,09:12:18,9,CASEROS AV. Y GUARANI,AVENIDA,CASEROS AV.,5,PEATON-CARGAS,PEATON,CARGAS,2021_S1,DIURNO
2021-0005,1,2021-01-11,2021,1,11,21:30:00,21,"PERON, EVA AV. 3800",AVENIDA,"PERON, EVA AV.",9,PEATON-AUTO,PEATON,AUTO,2021_S1,NOCTURNO
2021-0006,1,2021-01-12,2021,1,12,21:00:00,21,AU ILLIA y SARMIENTO AV.,AUTOPISTA,AUTOPISTA ARTURO ILLIA,14,MOTO-CARGAS,MOTO,CARGAS,2021_S1,NOCTURNO
2021-0007,1,2021-01-18,2021,1,18,10:00:00,10,DE LOS CONSTITUYENTES AV. Y GIRIBONE,AVENIDA,DE LOS CONSTITUYENTES AV.,15,MOTO-MOTO,MOTO,MOTO,2021_S1,DIURNO
2021-0008,1,2021-01-22,2021,1,22,23:30:00,23,"SAENZ AV. Y RABANAL, FRANCISCO, INTENDENTE AV.",AVENIDA,SAENZ AV.,4,PEATON-PASAJEROS,PEATON,PASAJEROS,2021_S1,NOCTURNO
2021-0009,1,2021-01-23,2021,1,23,05:30:00,5,PAYSANDU Y GAONA,AVENIDA,PAYSANDU,6,MOTO-OBJETO FIJO,MOTO,OBJETO FIJO,2021_S1,NOCTURNO
2021-0010,1,2021-01-23,2021,1,23,08:00:00,8,"PAZ, GRAL. AV. Y BALBIN, RICARDO, DR. AV. ",GRAL PAZ,"PAZ, GRAL. AV.",12,MOTO-AUTO,MOTO,AUTO,2021_S1,DIURNO
2021-0011,1,2021-01-27,2021,1,27,01:04:26,1,SANTA FE AV. 1675,AVENIDA,SANTA FE AV.,2,PEATON-AUTO,PEATON,AUTO,2021_S1,NOCTURNO
2021-0012,1,2021-01-29,2021,1,29,20:07:22,20,AU DELLEPIANE Y GUAMINI,AUTOPISTA,"DELLEPIANE, LUIS, TTE. GRAL.",8,PEATON-AUTO,PEATON,AUTO,2021_S1,NOCTURNO
2021-0013,1,2021-01-31,2021,1,31,06:10:00,6,"FALCON, RAMON L., CNEL. Y OLIVERA AV.",AVENIDA,"FALCON, RAMON L.,CNEL.",10,MOTO-OBJETO FIJO,MOTO,OBJETO FIJO,2021_S1,DIURNO
2021-0014,1,2021-02-02,2021,2,2,00:50:00,0,SAN MARTIN AV. Y NOGOYA,AVENIDA,SAN MARTIN AV.,15,PEATON-AUTO,PEATON,AUTO,2021_S1,NOCTURNO
2021-0015,1,2021-02-06,2021,2,6,03:05:00,3,SAN MARTIN AV. Y TINOGASTA,AVENIDA,SAN MARTIN AV.,15,MOTO-OBJETO FIJO,MOTO,OBJETO FIJO,2021_S1,NOCTURNO
2021-0016,1,2021-02-14,2021,2,14,05:50:00,5,"FERNANDEZ DE LA CRUZ, F., GRAL. AV. Y DE LA TORRE, LISANDRO",AVENIDA,"FERNANDEZ DE LA CRUZ, F., GRAL. AV.",8,AUTO-OBJETO FIJO,AUTO,OBJETO FIJO,2021_S1,NOCTURNO
2021-0017,1,2021-02-17,2021,2,17,04:10:00,4,SALTA Y CASEROS AV.,AVENIDA,SALTA,1,MOTO-PASAJEROS,MOTO,PASAJEROS,2021_S1,NOCTURNO
2021-0018,1,2021-02-20,2021,2,20,19:00:00,19,"JAURES, JEAN Y PERON, JUAN DOMINGO, TTE. GENERAL",CALLE,"JAURES, JEAN",3,PEATON-AUTO,PEATON,AUTO,2021_S1,NOCTURNO
2021-0019,1,2021-02-21,2021,2,21,01:20:00,1,"TRIUNVIRATO AV. Y LARRALDE, CRISOLOGO AV.",AVENIDA,TRIUNVIRATO AV.,12,MOTO-OBJETO FIJO,MOTO,OBJETO FIJO,2021_S1,NOCTURNO
2021-0020,1,2021-02-21,2021,2,21,15:00:00,15,POTOSI Y GASCON,CALLE,POTOSI,5,PEATON-CARGAS,PEATON,CARGAS,2021_S1,DIURNO
2021-0021,1,2021-02-26,2021,2,26,05:30:00,5,"YRIGOYEN, HIPOLITO Y  24 DE NOVIEMBRE",CALLE,"YRIGOYEN, HIPOLITO",3,MOTO-OBJETO FIJO,MOTO,OBJETO FIJO,2021_S1,NOCTURNO
2021-0023,1,2021-03-01,2021,3,1,09:20:00,9,"AU BUENOS AIRES LA PLATA  KM 4,5",AUTOPISTA,AUTOPISTA BUENOS AIRES - LA PLATA,4,MOTO-CARGAS,MOTO,CARGAS,2021_S1,DIURNO
2021-0024,1,2021-03-03,2021,3,3,16:30:00,16,"PERON, EVA AV. y PIEDRA BUENA AV",AVENIDA,"PERON, EVA AV.",9,BICICLETA-CARGAS,BICICLETA,CARGAS,2021_S1,DIURNO
2021-0025,1,2021-03-11,2021,3,11,03:45:00,3,"PAZ, GRAL. AV. y DELLEPIANE, LUIS, TTE. GRAL",GRAL PAZ,"PAZ, GRAL. AV.",8,MOTO-OTRO,MOTO,OTRO,2021_S1,NOCTURNO
2021-0026,1,2021-03-15,2021,3,15,02:35:00,2,"AU FRONDIZI ALTURA QUINQUELA MARTIN, BENITO",AUTOPISTA,AUTOPISTA 1 SUR PRESIDENTE ARTURO FRONDIZI,4,MOTO-OBJETO FIJO,MOTO,OBJETO FIJO,2021_S1,NOCTURNO
2021-0027,1,2021-03-16,2021,3,16,15:30:00,15,"PAZ, GRAL. AV. y DONADO",GRAL PAZ,"PAZ, GRAL. AV.",12,MOTO-CARGAS,MOTO,CARGAS,2021_S1,DIURNO
2021-0028,1,2021-03-29,2021,3,29,17:20:00,17,"COREA AV. y TORRES Y TENORIO, PRES",AVENIDA,COREA AV.,7,PEATON-PASAJEROS,PEATON,PASAJEROS,2021_S1,DIURNO
2021-0029,1,2021-03-31,2021,3,31,18:05:00,18,"FALCON, RAMON L., CNEL. Y SAN PEDRITO AV.",AVENIDA,"FALCON, RAMON L.,CNEL.",7,AUTO-AUTO,AUTO,AUTO,2021_S1,DIURNO
2021-0030,1,2021-04-03,2021,4,3,18:30:00,18,FINOCHIETTO ENRIQUE DR. 1623,CALLE,FINOCHIETTO ENRIQUE DR.,4,PEATON-PASAJEROS,PEATON,PASAJEROS,2021_S1,DIURNO
2021-0031,1,2021-04-07,2021,4,7,10:29:00,10,9 DE JULIO AV. E INDEPENDENCIA AV.,AVENIDA,9 DE JULIO AV.,1,PEATON-CARGAS,PEATON,CARGAS,2021_S1,DIURNO
2021-0032,1,2021-04-10,2021,4,10,19:55:00,19,"AU CANTILO Y GUIRALDES, INT.",AUTOPISTA,"CANTILO, INT.",13,PEATON-MOTO,PEATON,MOTO,2021_S1,NOCTURNO
2021-0033,1,2021-04-14,2021,4,14,17:50:00,17,AU 25 DE MAYO ALTURA BAJADA BOEDO AV.,AUTOPISTA,AUTOPISTA 25 DE MAYO,5,AUTO-OBJETO FIJO,AUTO,OBJETO FIJO,2021_S1,DIURNO
2021-0034,1,2021-04-19,2021,4,19,14:40:00,14,"ALCORTA, AMANCIO AV. y ZAVALETA",AVENIDA,"ALCORTA, AMANCIO AV.",4,MOTO-CARGAS,MOTO,CARGAS,2021_S1,DIURNO
2021-0035,1,2021-05-03,2021,5,3,09:20:00,9,"JANER, ANA MARIA Y LAFUENTE AV.",AVENIDA,"JANER, ANA MARIA",8,MOTO-CARGAS,MOTO,CARGAS,2021_S1,DIURNO
2021-0036,1,2021-05-09,2021,5,9,06:00:00,6,"PAZ, GRAL. AV. Y MOSCONI GENERAL AV.",GRAL PAZ,"PAZ, GRAL. AV.",11,MOTO-OBJETO FIJO,MOTO,OBJETO FIJO,2021_S1,DIURNO
2021-0037,1,2021-05-11,2021,5,11,07:10:00,7,"MONROE Y BALBIN, RICARDO, DR. AV.",AVENIDA,MONROE,13,PEATON-PASAJEROS,PEATON,PASAJEROS,2021_S1,DIURNO
2021-0038,1,2021-05-14,2021,5,14,11:40:00,11,"JUSTO, JUAN B. AV. Y SANTA FE AV.",AVENIDA,"JUSTO, JUAN B. AV.",14,MOTO-CARGAS,MOTO,CARGAS,2021_S1,DIURNO
2021-0039,1,2021-05-15,2021,5,15,12:09:00,12,"OLIDEN Y ALBERDI, JUAN BAUTISTA AV.",AVENIDA,OLIDEN,9,BICICLETA-AUTO,BICICLETA,AUTO,2021_S1,DIURNO
2021-0040,1,2021-05-20,2021,5,20,05:50:00,5,"PAZ, GRAL. AV. Y DEL LIBERTADOR AV.",GRAL PAZ,"PAZ, GRAL. AV.",13,MOTO-AUTO,MOTO,AUTO,2021_S1,NOCTURNO
2021-0041,1,2021-05-20,2021,5,20,08:30:00,8,DEL LIBERTADOR AV. Y CASARES AV.,AVENIDA,DEL LIBERTADOR AV.,14,PEATON-PASAJEROS,PEATON,PASAJEROS,2021_S1,DIURNO
2021-0042,1,2021-05-21,2021,5,21,05:00:00,5,RIVADAVIA AV. 10900,AVENIDA,RIVADAVIA AV.,9,PEATON-PASAJEROS,PEATON,PASAJEROS,2021_S1,NOCTURNO
2021-0043,1,2021-05-22,2021,5,22,18:26:00,18,"ALBERDI, JUAN BAUTISTA AV. Y PILAR",AVENIDA,"ALBERDI, JUAN BAUTISTA AV.",9,PEATON-AUTO,PEATON,AUTO,2021_S1,DIURNO
2021-0044,1,2021-05-25,2021,5,25,02:00:00,2,"PERON, EVA AV. Y ACOSTA, MARIANO",AVENIDA,"PERON, EVA AV.",9,MOTO-OBJETO FIJO,MOTO,OBJETO FIJO,2021_S1,NOCTURNO
2021-0045,1,2021-05-26,2021,5,26,17:24:00,17,AU FRONDIZI Y SUAREZ AV.,AUTOPISTA,AUTOPISTA 1 SUR PRESIDENTE ARTURO FRONDIZI,4,MULTIPLE,MOTO,MULTIPLE,2021_S1,DIURNO
2021-0046,1,2021-05-31,2021,5,31,02:00:00,2,EL CANO AV. Y GUZMAN AV.,AVENIDA,ELCANO AV.,15,AUTO-OBJETO FIJO,AUTO,OBJETO FIJO,2021_S1,NOCTURNO
2021-0047,1,2021-06-02,2021,6,2,16:00:00,16,"VEDIA, AGUSTIN DE Y RABANAL, FRANCISCO, INTENDENTE AV.",AVENIDA,"VEDIA, AGUSTIN DE",4,MOTO-AUTO,MOTO,AUTO,2021_S1,DIURNO
2021-0048,1,2021-06-03,2021,6,3,09:58:00,9,CAPDEVILLA Y CONGRESO AV.,AVENIDA,CAPDEVILA,12,BICICLETA-AUTO,BICICLETA,AUTO,2021_S1,DIURNO
2021-0049,1,2021-06-03,2021,6,3,20:30:00,20,"FERNANDEZ DE LA CRUZ, F., GRAL. AV. 4000",AVENIDA,"FERNANDEZ DE LA CRUZ, F., GRAL. AV.",8,AUTO-AUTO,AUTO,AUTO,2021_S1,NOCTURNO
2021-0050,1,2021-06-10,2021,6,10,13:30:00,13,DEL LIBERTADOR AV. 5958,AVENIDA,DEL LIBERTADOR AV.,13,MOTO-PASAJEROS,MOTO,PASAJEROS,2021_S1,DIURNO
2021-0051,1,2021-06-15,2021,6,15,19:20:00,19,27 DE FEBRERO AV. Y EREZCANO AV.,AVENIDA,27 DE FEBRERO AV.,4,PEATON-CARGAS,PEATON,CARGAS,2021_S1,NOCTURNO
2021-0052,1,2021-06-20,2021,6,20,05:40:00,5,"PAZ, GRAL. AV. 14723",GRAL PAZ,"PAZ, GRAL. AV.",8,MOTO-OBJETO FIJO,MOTO,OBJETO FIJO,2021_S1,NOCTURNO
2021-0053,1,2021-06-20,2021,6,20,12:00:00,12,CORRIENTES AV. 5783,AVENIDA,CORRIENTES AV.,15,PEATON-BICICLETA,PEATON,BICICLETA,2021_S1,DIURNO
2021-0054,1,2021-06-22,2021,6,22,14:44:00,14,TABARE Y EREZCANO,CALLE,TABARE,4,MOTO-CARGAS,MOTO,CARGAS,2021_S1,DIURNO
2021-0055,1,2021-06-29,2021,6,29,12:20:00,12,CORRIENTES AV. Y PUEYRREDOR AV.,AVENIDA,CORRIENTES AV.,3,MOTO-CARGAS,MOTO,CARGAS,2021_S1,DIURNO
2021-0056,1,2021-07-09,2021,7,9,23:25:00,23,"CORRALES Y MORENO, PERITO AV.",AVENIDA,CORRALES,4,BICICLETA-AUTO,BICICLETA,AUTO,2021_S2,NOCTURNO
2021-0057,1,2021-07-10,2021,7,10,23:30:00,23,"AU ILLIA KM 3.2, ALTURA CABINAS DE PEAJE",AUTOPISTA,AUTOPISTA ARTURO ILLIA,2,AUTO-OBJETO FIJO,AUTO,OBJETO FIJO,2021_S2,NOCTURNO
2021-0058,1,2021-07-21,2021,7,21,00:40:00,0,AV. GRAL. PAZ Y VEDIA,GRAL PAZ,"PAZ, GRAL. AV.",12,PEATON-AUTO,PEATON,AUTO,2021_S2,NOCTURNO
2021-0059,1,2021-07-22,2021,7,22,01:20:00,1,"GARAY, JUAN DE AV. 2269",AVENIDA,"GARAY, JUAN DE AV.",3,AUTO-OBJETO FIJO,AUTO,OBJETO FIJO,2021_S2,NOCTURNO
2021-0060,1,2021-07-22,2021,7,22,12:30:00,12,"SALGUERO, JERONIMO Y RIVADAVIA AV.",AVENIDA,"SALGUERO, JERONIMO",5,PEATON-PASAJEROS,PEATON,PASAJEROS,2021_S2,DIURNO
2021-0061,1,2021-07-24,2021,7,24,09:15:00,9,"MORENO, PERITO AV. Y ALCORTA, AMANCIO AV.",AVENIDA,"MORENO, PERITO AV.",4,PEATON-CARGAS,PEATON,CARGAS,2021_S2,DIURNO
2021-0062,1,2021-07-27,2021,7,27,07:16:00,7,LA PLATA AV. 2723,AVENIDA,LA PLATA AV.,4,AUTO-CARGAS,AUTO,CARGAS,2021_S2,DIURNO
2021-0063,1,2021-08-02,2021,8,2,04:40:00,4,"ALBERDI, JUAN BAUTISTA AV. 2906",AVENIDA,"ALBERDI, JUAN BAUTISTA AV.",7,AUTO-AUTO,AUTO,AUTO,2021_S2,NOCTURNO
2021-0064,1,2021-08-02,2021,8,2,20:00:00,20,"PAZ, GRAL. AV. Y TONELERO",GRAL PAZ,"PAZ, GRAL. AV.",9,PEATON-CARGAS,PEATON,CARGAS,2021_S2,NOCTURNO
2021-0065,1,2021-08-06,2021,8,6,08:30:00,8,Av. SAN JUAN Y AV. LA PLATA,AVENIDA,SAN JUAN AV.,6,PEATON-PASAJEROS,PEATON,PASAJEROS,2021_S2,DIURNO
2021-0066,1,2021-08-06,2021,8,6,20:00:00,20,Av. LOPE DE VEGA Y AV. GRAL. PAZ,AVENIDA,LOPE DE VEGA AV.,11,PEATON-PASAJEROS,PEATON,PASAJEROS,2021_S2,NOCTURNO
2021-0067,1,2021-08-08,2021,8,8,09:29:00,9,"AU FRONDIZI KM 2,9 (ALTURA BRASIL)",AUTOPISTA,AUTOPISTA 1 SUR PRESIDENTE ARTURO FRONDIZI,1,MOTO-OBJETO FIJO,MOTO,OBJETO FIJO,2021_S2,DIURNO
2021-0068,1,2021-08-15,2021,8,15,06:10:00,6,"BEIRO, FRANCISCO AV. 5071",AVENIDA,"BEIRO, FRANCISCO AV.",11,MOTO-OBJETO FIJO,MOTO,OBJETO FIJO,2021_S2,DIURNO
2021-0069,1,2021-08-20,2021,8,20,17:15:00,17,AV. SANTA FE 3428,AVENIDA,SANTA FE AV.,14,PEATON-AUTO,PEATON,AUTO,2021_S2,DIURNO
2021-0070,1,2021-08-28,2021,8,28,08:30:00,8,"CHILAVERT, MARTINIANO, CORONEL Y VARELA AV.",AVENIDA,"CHILAVERT, MARTINIANO, CORONEL",8,MOTO-CARGAS,MOTO,CARGAS,2021_S2,DIURNO
2021-0071,1,2021-08-31,2021,8,31,16:00:00,16,SAN LUIS 2730,CALLE,SAN LUIS,3,PEATON-MOTO,PEATON,MOTO,2021_S2,DIURNO
2021-0072,1,2021-09-01,2021,9,1,19:10:00,19,CALLAO AV. Y PARAGUAY,AVENIDA,CALLAO AV.,2,PEATON-AUTO,PEATON,AUTO,2021_S2,NOCTURNO
2021-0073,1,2021-09-18,2021,9,18,12:20:00,12,"DEL LIBERTADOR AV. Y AGOTE, LUIS DR.",AVENIDA,DEL LIBERTADOR AV.,2,BICICLETA-AUTO,BICICLETA,AUTO,2021_S2,DIURNO
2021-0074,1,2021-09-20,2021,9,20,15:00:00,15,"PAZ, GRAL. AV. Y BALBIN, RICARDO, DR. AV.",GRAL PAZ,"PAZ, GRAL. AV.",12,MULTIPLE,MOTO,MULTIPLE,2021_S2,DIURNO
2021-0075,1,2021-09-21,2021,9,21,14:30:00,14,SALTA Y BRASIL,CALLE,SALTA,1,PEATON-CARGAS,PEATON,CARGAS,2021_S2,DIURNO
2021-0076,1,2021-10-16,2021,10,16,06:15:00,6,"MORENO, PERITO AV. 2152",AVENIDA,"MORENO, PERITO AV.",7,MOTO-OBJETO FIJO,MOTO,OBJETO FIJO,2021_S2,DIURNO
2021-0077,1,2021-10-18,2021,10,18,07:20:00,7,DIRECTORIO AV. 1169,AVENIDA,DIRECTORIO AV.,6,MOTO-CARGAS,MOTO,CARGAS,2021_S2,DIURNO
2021-0078,1,2021-10-23,2021,10,23,06:35:00,6,INDEPENDENCIA AV. Y LA PLATA AV.,AVENIDA,INDEPENDENCIA AV.,6,MOTO-PASAJEROS,MOTO,PASAJEROS,2021_S2,DIURNO
2021-0079,1,2021-10-25,2021,10,25,03:30:00,3,TUCUMAN 3112,CALLE,TUCUMAN,3,PEATON-AUTO,PEATON,AUTO,2021_S2,NOCTURNO
2021-0080,1,2021-10-28,2021,10,28,16:16:00,16,ARENALES Y 9 DE JULIO AV.,AVENIDA,ARENALES,1,MOTO-AUTO,MOTO,AUTO,2021_S2,DIURNO
2021-0081,1,2021-11-02,2021,11,2,13:35:00,13,AU FRONDIZI SUBIDA BRANDSEN,AUTOPISTA,AUTOPISTA 1 SUR PRESIDENTE ARTURO FRONDIZI,4,MOTO-CARGAS,MOTO,CARGAS,2021_S2,DIURNO
2021-0082,1,2021-11-06,2021,11,6,04:39:00,4,AU 25 DE MAYO KM7 (ALTURA PASCO),AUTOPISTA,AUTOPISTA 25 DE MAYO,3,MOTO-AUTO,MOTO,AUTO,2021_S2,NOCTURNO
2021-0083,1,2021-11-09,2021,11,9,00:35:00,0,CABILDO AV. Y OLAZABAL,AVENIDA,CABILDO AV.,13,MOTO-AUTO,MOTO,AUTO,2021_S2,NOCTURNO
2021-0084,1,2021-11-11,2021,11,11,03:00:00,3,TAPALQUE Y BRUIX AV.,AVENIDA,TAPALQUE,9,AUTO-OBJETO FIJO,AUTO,OBJETO FIJO,2021_S2,NOCTURNO
2021-0085,1,2021-11-20,2021,11,20,18:30:00,18,"PAZ, GRAL. AV. Y EZEIZA",GRAL PAZ,"PAZ, GRAL. AV.",12,MOTO-OBJETO FIJO,MOTO,OBJETO FIJO,2021_S2,DIURNO
2021-0086,1,2021-11-25,2021,11,25,10:10:00,10,RIVADAVIA AV. Y PUAN,AVENIDA,RIVADAVIA AV.,6,PEATON-PASAJEROS,PEATON,PASAJEROS,2021_S2,DIURNO
2021-0087,1,2021-11-27,2021,11,27,11:22:00,11,ESMERALDA 1359,CALLE,ESMERALDA,1,PEATON-BICICLETA,PEATON,BICICLETA,2021_S2,DIURNO
2021-0088,1,2021-12-01,2021,12,1,15:40:00,15,AV. MOROE Y 3 DE FEBRERO,CALLE,MONROE,13,MOTO-AUTO,MOTO,AUTO,2021_S2,DIURNO
2021-0089,1,2021-12-02,2021,12,2,01:10:00,1,AV. GAONA 3655,AVENIDA,GAONA AV.,11,MOTO-AUTO,MOTO,AUTO,2021_S2,NOCTURNO
2021-0090,1,2021-12-10,2021,12,10,11:45:00,11,AV. 9 DE JULIO Y LAVALLE,AVENIDA,9 DE JULIO AV.,1,PEATON-PASAJEROS,PEATON,PASAJEROS,2021_S2,DIURNO
2021-0091,1,2021-12-11,2021,12,11,23:00:00,23,BAIGORRIA Y VICTOR HUGO,CALLE,BAIGORRIA,10,MOTO-AUTO,MOTO,AUTO,2021_S2,NOCTURNO
2021-0092,1,2021-12-12,2021,12,12,06:20:00,6,AV. RIVADAVIA Y AV. PUEYRREDON,AVENIDA,RIVADAVIA AV.,3,PEATON-AUTO,PEATON,AUTO,2021_S2,DIURNO
2021-0093,1,2021-12-13,2021,12,13,17:10:00,17,AV. RIESTRA Y MOM,AVENIDA,RIESTRA AV.,7,MOTO-AUTO,MOTO,AUTO,2021_S2,DIURNO
2021-0094,1,2021-12-20,2021,12,20,01:10:00,1,AU DELLEPIANE Y LACARRA,AUTOPISTA,"DELLEPIANE, LUIS, TTE. GRAL.",9,MOTO-AUTO,MOTO,AUTO,2021_S2,NOCTURNO
2021-0095,1,2021-12-30,2021,12,30,00:43:00,0,AV. GAONA Y TERRADA,AVENIDA,GAONA AV.,11,MOTO-CARGAS,MOTO,CARGAS,2021_S2,NOCTURNO
2021-0096,1,2021-12-15,2021,12,15,10:30:00,10,AV. EVA PERON 4071,AVENIDA,"PERON, EVA AV.",9,AUTO-CARGAS,AUTO,CARGAS,2021_S2,DIURNO
2021-0097,1,2021-11-18,2021,11,18,06:10:00,6,PADRE CARLOS MUJICA 709,CALLE,PADRE CARLOS MUJICA,1,BICICLETA-AUTO,BICICLETA,AUTO,2021_S2,DIURNO
